Run,Lumi,Event,NtightEle,NtightMu,has SS pair,has 3 SS,Njets,Nbjets,has mass resonance
10927046,0.0,0.0,0.0,0.0,0.0,0.0,0.0
10927081,0.0,0.0,0.0,0.0,0.0,0.0,0.0
10927113,0.0,0.0,0.0,0.0,0.0,0.0,0.0
10927121,0.0,0.0,0.0,0.0,0.0,0.0,0.0
10927140,0.0,0.0,0.0,0.0,0.0,0.0,0.0
10927153,0.0,0.0,0.0,0.0,0.0,0.0,0.0
10927223,0.0,0.0,0.0,0.0,0.0,0.0,0.0
10927243,0.0,0.0,0.0,0.0,0.0,0.0,0.0
10927238,0.0,0.0,0.0,0.0,0.0,0.0,-1.0
10927280,0.0,0.0,0.0,0.0,0.0,0.0,0.0
10927332,0.0,0.0,0.0,0.0,0.0,0.0,-1.0
10927360,0.0,0.0,0.0,0.0,0.0,0.0,0.0
10927372,0.0,0.0,0.0,0.0,0.0,0.0,0.0
10927416,0.0,0.0,0.0,0.0,0.0,0.0,0.0
10927427,0.0,0.0,0.0,0.0,0.0,0.0,-1.0
10927451,0.0,0.0,0.0,0.0,0.0,0.0,0.0
10927477,0.0,0.0,0.0,0.0,0.0,0.0,0.0
10927540,0.0,0.0,0.0,0.0,0.0,0.0,0.0
10927574,0.0,0.0,0.0,0.0,0.0,0.0,0.0
10927579,0.0,0.0,0.0,0.0,0.0,0.0,0.0
10927588,0.0,0.0,0.0,0.0,0.0,0.0,-1.0
10927584,0.0,0.0,0.0,0.0,0.0,0.0,0.0
10927671,0.0,0.0,0.0,0.0,0.0,0.0,0.0
10927742,0.0,0.0,0.0,0.0,0.0,0.0,0.0
10927737,0.0,0.0,0.0,0.0,0.0,0.0,0.0
10927736,0.0,0.0,0.0,0.0,0.0,0.0,0.0
10927760,0.0,0.0,0.0,0.0,0.0,0.0,0.0
10927799,0.0,0.0,0.0,0.0,0.0,0.0,0.0
10927816,0.0,0.0,0.0,0.0,0.0,0.0,0.0
10927831,0.0,0.0,0.0,0.0,0.0,0.0,0.0
10927864,0.0,0.0,0.0,0.0,0.0,0.0,0.0
10927905,0.0,0.0,0.0,0.0,0.0,0.0,0.0
10927914,0.0,0.0,0.0,0.0,0.0,0.0,0.0
10927950,0.0,0.0,0.0,0.0,0.0,0.0,0.0
10927963,0.0,0.0,0.0,0.0,0.0,0.0,0.0
10927974,0.0,0.0,0.0,0.0,0.0,0.0,0.0
10927979,0.0,0.0,0.0,0.0,0.0,0.0,0.0
10371001,0.0,0.0,0.0,0.0,0.0,0.0,0.0
10371003,0.0,0.0,0.0,0.0,0.0,0.0,0.0
10371009,0.0,0.0,0.0,0.0,0.0,0.0,0.0
10371033,0.0,0.0,0.0,0.0,0.0,0.0,0.0
10371115,0.0,0.0,0.0,0.0,0.0,0.0,0.0
10371114,0.0,0.0,0.0,0.0,0.0,0.0,0.0
10371122,0.0,0.0,0.0,0.0,0.0,0.0,0.0
10371150,0.0,0.0,0.0,0.0,0.0,0.0,0.0
10371154,0.0,0.0,0.0,0.0,0.0,0.0,0.0
10371169,0.0,0.0,0.0,0.0,0.0,0.0,0.0
10371164,0.0,0.0,0.0,0.0,0.0,0.0,0.0
10371167,0.0,0.0,0.0,0.0,0.0,0.0,0.0
10371187,0.0,0.0,0.0,0.0,0.0,0.0,0.0
10371212,0.0,0.0,0.0,0.0,0.0,0.0,0.0
10371216,0.0,0.0,0.0,0.0,0.0,0.0,0.0
10371279,0.0,0.0,0.0,0.0,0.0,0.0,0.0
10371269,0.0,0.0,0.0,0.0,0.0,0.0,-1.0
10371285,0.0,0.0,0.0,0.0,0.0,0.0,0.0
10371301,0.0,0.0,0.0,0.0,0.0,0.0,0.0
10371300,0.0,0.0,0.0,0.0,0.0,0.0,0.0
10371351,0.0,0.0,0.0,0.0,0.0,0.0,0.0
10371391,0.0,0.0,0.0,0.0,0.0,0.0,0.0
10371383,0.0,0.0,0.0,0.0,0.0,0.0,0.0
10371398,0.0,0.0,0.0,0.0,0.0,0.0,0.0
10371423,0.0,0.0,0.0,0.0,0.0,0.0,0.0
10371433,0.0,0.0,0.0,0.0,0.0,0.0,0.0
10371447,0.0,0.0,0.0,0.0,0.0,0.0,0.0
10371465,0.0,0.0,0.0,0.0,0.0,0.0,0.0
10371457,0.0,0.0,0.0,0.0,0.0,0.0,0.0
10371470,0.0,0.0,0.0,0.0,0.0,0.0,0.0
10371476,0.0,0.0,0.0,0.0,0.0,0.0,0.0
10371509,0.0,0.0,0.0,0.0,0.0,0.0,0.0
10371515,0.0,0.0,0.0,0.0,0.0,0.0,0.0
10371527,0.0,0.0,0.0,0.0,0.0,0.0,0.0
10371532,0.0,0.0,0.0,0.0,0.0,0.0,0.0
10371533,0.0,0.0,0.0,0.0,0.0,0.0,0.0
10371607,0.0,0.0,0.0,0.0,0.0,0.0,0.0
10371618,0.0,0.0,0.0,0.0,0.0,0.0,0.0
10371629,0.0,0.0,0.0,0.0,0.0,0.0,-1.0
10371683,0.0,0.0,0.0,0.0,0.0,0.0,0.0
10371691,0.0,0.0,0.0,0.0,0.0,0.0,0.0
10371716,0.0,0.0,0.0,0.0,0.0,0.0,0.0
10371722,0.0,0.0,0.0,0.0,0.0,0.0,0.0
10371725,0.0,0.0,0.0,0.0,0.0,0.0,0.0
10371750,0.0,0.0,0.0,0.0,0.0,0.0,-1.0
10371743,0.0,0.0,0.0,0.0,0.0,0.0,0.0
10371757,0.0,0.0,0.0,0.0,0.0,0.0,0.0
10371808,0.0,0.0,0.0,0.0,0.0,0.0,0.0
10371820,0.0,0.0,0.0,0.0,0.0,0.0,0.0
10371829,0.0,0.0,0.0,0.0,0.0,0.0,0.0
10371866,0.0,0.0,0.0,0.0,0.0,0.0,0.0
10371864,0.0,0.0,0.0,0.0,0.0,0.0,0.0
10371916,0.0,0.0,0.0,0.0,0.0,0.0,0.0
10371902,0.0,0.0,0.0,0.0,0.0,0.0,0.0
10371904,0.0,0.0,0.0,0.0,0.0,0.0,0.0
10371921,0.0,0.0,0.0,0.0,0.0,0.0,0.0
10371929,0.0,0.0,0.0,0.0,0.0,0.0,0.0
10371934,0.0,0.0,0.0,0.0,0.0,0.0,0.0
10371947,0.0,0.0,0.0,0.0,0.0,0.0,-1.0
10378010,0.0,0.0,0.0,0.0,0.0,0.0,0.0
10378023,0.0,0.0,0.0,0.0,0.0,0.0,0.0
10378031,0.0,0.0,0.0,0.0,0.0,0.0,0.0
10378125,0.0,0.0,0.0,0.0,0.0,0.0,0.0
10378128,0.0,0.0,0.0,0.0,0.0,0.0,0.0
10378134,0.0,0.0,0.0,0.0,0.0,0.0,0.0
10378163,0.0,0.0,0.0,0.0,0.0,0.0,0.0
10378191,0.0,0.0,0.0,0.0,0.0,0.0,0.0
10378199,0.0,0.0,0.0,0.0,0.0,0.0,0.0
10378211,0.0,0.0,0.0,0.0,0.0,0.0,0.0
10378226,0.0,0.0,0.0,0.0,0.0,0.0,0.0
10378247,0.0,0.0,0.0,0.0,0.0,0.0,0.0
10378366,0.0,0.0,0.0,0.0,0.0,0.0,0.0
10378397,0.0,0.0,0.0,0.0,0.0,0.0,0.0
10378409,0.0,0.0,0.0,0.0,0.0,0.0,0.0
10378442,0.0,0.0,0.0,0.0,0.0,0.0,-1.0
10378452,0.0,0.0,0.0,0.0,0.0,0.0,0.0
10378488,0.0,0.0,0.0,0.0,0.0,0.0,0.0
10378482,0.0,0.0,0.0,0.0,0.0,0.0,0.0
10378486,0.0,0.0,0.0,0.0,0.0,0.0,0.0
10378495,0.0,0.0,0.0,0.0,0.0,0.0,0.0
10378504,0.0,0.0,0.0,0.0,0.0,0.0,0.0
10378537,0.0,0.0,0.0,0.0,0.0,0.0,0.0
10378531,0.0,0.0,0.0,0.0,0.0,0.0,0.0
10378538,0.0,0.0,0.0,0.0,0.0,0.0,0.0
10378594,0.0,0.0,0.0,0.0,0.0,0.0,0.0
10378607,0.0,0.0,0.0,0.0,0.0,0.0,0.0
10378644,0.0,0.0,0.0,0.0,0.0,0.0,0.0
10378661,0.0,0.0,0.0,0.0,0.0,0.0,0.0
10378703,0.0,0.0,0.0,0.0,0.0,0.0,0.0
10378682,0.0,0.0,0.0,0.0,0.0,0.0,0.0
10378734,0.0,0.0,0.0,0.0,0.0,0.0,0.0
10378751,0.0,0.0,0.0,0.0,0.0,0.0,0.0
10378809,0.0,0.0,0.0,0.0,0.0,0.0,0.0
10378842,0.0,0.0,0.0,0.0,0.0,0.0,0.0
10378868,0.0,0.0,0.0,0.0,0.0,0.0,0.0
10378882,0.0,0.0,0.0,0.0,0.0,0.0,0.0
10378915,0.0,0.0,0.0,0.0,0.0,0.0,0.0
10378959,0.0,0.0,0.0,0.0,0.0,0.0,0.0
10378988,0.0,0.0,0.0,0.0,0.0,0.0,0.0
10378989,0.0,0.0,0.0,0.0,0.0,0.0,0.0
10379031,0.0,0.0,0.0,0.0,0.0,0.0,0.0
10379039,0.0,0.0,0.0,0.0,0.0,0.0,0.0
10379097,0.0,0.0,0.0,0.0,0.0,0.0,0.0
10379117,0.0,0.0,0.0,0.0,0.0,0.0,-1.0
10379131,0.0,0.0,0.0,0.0,0.0,0.0,0.0
10379180,0.0,0.0,0.0,0.0,0.0,0.0,0.0
10379178,0.0,0.0,0.0,0.0,0.0,0.0,0.0
10379203,0.0,0.0,0.0,0.0,0.0,0.0,0.0
10379212,0.0,0.0,0.0,0.0,0.0,0.0,0.0
10379223,0.0,0.0,0.0,0.0,0.0,0.0,0.0
10379278,0.0,0.0,0.0,0.0,0.0,0.0,0.0
10379283,0.0,0.0,0.0,0.0,0.0,0.0,0.0
10379298,0.0,0.0,0.0,0.0,0.0,0.0,0.0
10379304,0.0,0.0,0.0,0.0,0.0,0.0,0.0
10379351,0.0,0.0,0.0,0.0,0.0,0.0,0.0
10379387,0.0,0.0,0.0,0.0,0.0,0.0,0.0
10379366,0.0,0.0,0.0,0.0,0.0,0.0,0.0
10379400,0.0,0.0,0.0,0.0,0.0,0.0,0.0
10379424,0.0,0.0,0.0,0.0,0.0,0.0,0.0
10379454,0.0,0.0,0.0,0.0,0.0,0.0,0.0
10379483,0.0,0.0,0.0,0.0,0.0,0.0,0.0
10379498,0.0,0.0,0.0,0.0,0.0,0.0,-1.0
10379557,0.0,0.0,0.0,0.0,0.0,0.0,0.0
10379577,0.0,0.0,0.0,0.0,0.0,0.0,0.0
10379580,0.0,0.0,0.0,0.0,0.0,0.0,0.0
10379607,0.0,0.0,0.0,0.0,0.0,0.0,0.0
10379611,0.0,0.0,0.0,0.0,0.0,0.0,0.0
10379707,0.0,0.0,0.0,0.0,0.0,0.0,0.0
10379702,0.0,0.0,0.0,0.0,0.0,0.0,0.0
10379742,0.0,0.0,0.0,0.0,0.0,0.0,0.0
10379760,0.0,0.0,0.0,0.0,0.0,0.0,0.0
10379780,0.0,0.0,0.0,0.0,0.0,0.0,0.0
10379766,0.0,0.0,0.0,0.0,0.0,0.0,0.0
10379787,0.0,0.0,0.0,0.0,0.0,0.0,0.0
10379784,0.0,0.0,0.0,0.0,0.0,0.0,0.0
10379852,0.0,0.0,0.0,0.0,0.0,0.0,0.0
10379874,0.0,0.0,0.0,0.0,0.0,0.0,0.0
10379905,0.0,0.0,0.0,0.0,0.0,0.0,0.0
10379936,0.0,0.0,0.0,0.0,0.0,0.0,-1.0
10379963,0.0,0.0,0.0,0.0,0.0,0.0,0.0
10379979,0.0,0.0,0.0,0.0,0.0,0.0,0.0
10379993,0.0,0.0,0.0,0.0,0.0,0.0,0.0
10510079,0.0,0.0,0.0,0.0,0.0,0.0,0.0
10510101,0.0,0.0,0.0,0.0,0.0,0.0,0.0
10510138,0.0,0.0,0.0,0.0,0.0,0.0,0.0
10510175,0.0,0.0,0.0,0.0,0.0,0.0,0.0
10510192,0.0,0.0,0.0,0.0,0.0,0.0,0.0
10510230,0.0,0.0,0.0,0.0,0.0,0.0,0.0
10510252,0.0,0.0,0.0,0.0,0.0,0.0,0.0
10510251,0.0,0.0,0.0,0.0,0.0,0.0,0.0
10510265,0.0,0.0,0.0,0.0,0.0,0.0,0.0
10510278,0.0,0.0,0.0,0.0,0.0,0.0,0.0
10510279,0.0,0.0,0.0,0.0,0.0,0.0,0.0
10510289,0.0,0.0,0.0,0.0,0.0,0.0,0.0
10510379,0.0,0.0,0.0,0.0,0.0,0.0,0.0
10510415,0.0,0.0,0.0,0.0,0.0,0.0,0.0
10510427,0.0,0.0,0.0,0.0,0.0,0.0,0.0
10510422,0.0,0.0,0.0,0.0,0.0,0.0,0.0
10510455,0.0,0.0,0.0,0.0,0.0,0.0,0.0
10510476,0.0,0.0,0.0,0.0,0.0,0.0,0.0
10510504,0.0,0.0,0.0,0.0,0.0,0.0,0.0
10510506,0.0,0.0,0.0,0.0,0.0,0.0,0.0
10510529,0.0,0.0,0.0,0.0,0.0,0.0,0.0
10510566,0.0,0.0,0.0,0.0,0.0,0.0,0.0
10510578,0.0,0.0,0.0,0.0,0.0,0.0,0.0
10510584,0.0,0.0,0.0,0.0,0.0,0.0,0.0
10510587,0.0,0.0,0.0,0.0,0.0,0.0,0.0
10510640,0.0,0.0,0.0,0.0,0.0,0.0,-1.0
10510662,0.0,0.0,0.0,0.0,0.0,0.0,0.0
10510677,0.0,0.0,0.0,0.0,0.0,0.0,0.0
10510697,0.0,0.0,0.0,0.0,0.0,0.0,0.0
10510714,0.0,0.0,0.0,0.0,0.0,0.0,-1.0
10510751,0.0,0.0,0.0,0.0,0.0,0.0,0.0
10510809,0.0,0.0,0.0,0.0,0.0,0.0,0.0
10510812,0.0,0.0,0.0,0.0,0.0,0.0,0.0
10510878,0.0,0.0,0.0,0.0,0.0,0.0,0.0
10510893,0.0,0.0,0.0,0.0,0.0,0.0,-1.0
10510894,0.0,0.0,0.0,0.0,0.0,0.0,0.0
10510882,0.0,0.0,0.0,0.0,0.0,0.0,0.0
10510913,0.0,0.0,0.0,0.0,0.0,0.0,0.0
10510971,0.0,0.0,0.0,0.0,0.0,0.0,0.0
10719003,0.0,0.0,0.0,0.0,0.0,0.0,0.0
10719022,0.0,0.0,0.0,0.0,0.0,0.0,0.0
10719065,0.0,0.0,0.0,0.0,0.0,0.0,0.0
10719067,0.0,0.0,0.0,0.0,0.0,0.0,0.0
10719082,0.0,0.0,0.0,0.0,0.0,0.0,0.0
10719098,0.0,0.0,0.0,0.0,0.0,0.0,-1.0
10719094,0.0,0.0,0.0,0.0,0.0,0.0,0.0
10719128,0.0,0.0,0.0,0.0,0.0,0.0,0.0
10719133,0.0,0.0,0.0,0.0,0.0,0.0,0.0
10719194,0.0,0.0,0.0,0.0,0.0,0.0,0.0
10719217,0.0,0.0,0.0,0.0,0.0,0.0,0.0
10719227,0.0,0.0,0.0,0.0,0.0,0.0,0.0
10719235,0.0,0.0,0.0,0.0,0.0,0.0,0.0
10719255,0.0,0.0,0.0,0.0,0.0,0.0,0.0
10719273,0.0,0.0,0.0,0.0,0.0,0.0,0.0
10719284,0.0,0.0,0.0,0.0,0.0,0.0,0.0
10719285,0.0,0.0,0.0,0.0,0.0,0.0,0.0
10719322,0.0,0.0,0.0,0.0,0.0,0.0,0.0
10719321,0.0,0.0,0.0,0.0,0.0,0.0,0.0
10719369,0.0,0.0,0.0,0.0,0.0,0.0,0.0
10719400,0.0,0.0,0.0,0.0,0.0,0.0,0.0
10719431,0.0,0.0,0.0,0.0,0.0,0.0,0.0
10719487,0.0,0.0,0.0,0.0,0.0,0.0,0.0
10719489,0.0,0.0,0.0,0.0,0.0,0.0,0.0
10719494,0.0,0.0,0.0,0.0,0.0,0.0,0.0
10719512,0.0,0.0,0.0,0.0,0.0,0.0,0.0
10719535,0.0,0.0,0.0,0.0,0.0,0.0,0.0
10719571,0.0,0.0,0.0,0.0,0.0,0.0,0.0
10719636,0.0,0.0,0.0,0.0,0.0,0.0,0.0
10719667,0.0,0.0,0.0,0.0,0.0,0.0,0.0
10719665,0.0,0.0,0.0,0.0,0.0,0.0,0.0
10719687,0.0,0.0,0.0,0.0,0.0,0.0,0.0
10719691,0.0,0.0,0.0,0.0,0.0,0.0,0.0
10719739,0.0,0.0,0.0,0.0,0.0,0.0,0.0
10719743,0.0,0.0,0.0,0.0,0.0,0.0,0.0
10719773,0.0,0.0,0.0,0.0,0.0,0.0,0.0
10719785,0.0,0.0,0.0,0.0,0.0,0.0,0.0
10719813,0.0,0.0,0.0,0.0,0.0,0.0,0.0
10719817,0.0,0.0,0.0,0.0,0.0,0.0,0.0
10719869,0.0,0.0,0.0,0.0,0.0,0.0,0.0
10719875,0.0,0.0,0.0,0.0,0.0,0.0,0.0
10719872,0.0,0.0,0.0,0.0,0.0,0.0,0.0
10719873,0.0,0.0,0.0,0.0,0.0,0.0,0.0
10720063,0.0,0.0,0.0,0.0,0.0,0.0,0.0
10720077,0.0,0.0,0.0,0.0,0.0,0.0,0.0
10720131,0.0,0.0,0.0,0.0,0.0,0.0,0.0
10720149,0.0,0.0,0.0,0.0,0.0,0.0,0.0
10720168,0.0,0.0,0.0,0.0,0.0,0.0,0.0
10720202,0.0,0.0,0.0,0.0,0.0,0.0,0.0
10720242,0.0,0.0,0.0,0.0,0.0,0.0,-1.0
10720262,0.0,0.0,0.0,0.0,0.0,0.0,0.0
10720289,0.0,0.0,0.0,0.0,0.0,0.0,0.0
10720295,0.0,0.0,0.0,0.0,0.0,0.0,0.0
10720310,0.0,0.0,0.0,0.0,0.0,0.0,0.0
10720321,0.0,0.0,0.0,0.0,0.0,0.0,0.0
10720337,0.0,0.0,0.0,0.0,0.0,0.0,0.0
10720355,0.0,0.0,0.0,0.0,0.0,0.0,0.0
10720404,0.0,0.0,0.0,0.0,0.0,0.0,0.0
10720396,0.0,0.0,0.0,0.0,0.0,0.0,0.0
10720433,0.0,0.0,0.0,0.0,0.0,0.0,0.0
10720451,0.0,0.0,0.0,0.0,0.0,0.0,0.0
10720467,0.0,0.0,0.0,0.0,0.0,0.0,0.0
10720471,0.0,0.0,0.0,0.0,0.0,0.0,0.0
10720477,0.0,0.0,0.0,0.0,0.0,0.0,0.0
10720478,0.0,0.0,0.0,0.0,0.0,0.0,0.0
10720486,0.0,0.0,0.0,0.0,0.0,0.0,0.0
10720510,0.0,0.0,0.0,0.0,0.0,0.0,0.0
10720513,0.0,0.0,0.0,0.0,0.0,0.0,0.0
10720525,0.0,0.0,0.0,0.0,0.0,0.0,0.0
10720534,0.0,0.0,0.0,0.0,0.0,0.0,0.0
10720545,0.0,0.0,0.0,0.0,0.0,0.0,0.0
10720543,0.0,0.0,0.0,0.0,0.0,0.0,0.0
10720584,0.0,0.0,0.0,0.0,0.0,0.0,0.0
10720615,0.0,0.0,0.0,0.0,0.0,0.0,0.0
10720618,0.0,0.0,0.0,0.0,0.0,0.0,0.0
10720630,0.0,0.0,0.0,0.0,0.0,0.0,0.0
10720651,0.0,0.0,0.0,0.0,0.0,0.0,0.0
10720648,0.0,0.0,0.0,0.0,0.0,0.0,0.0
10720683,0.0,0.0,0.0,0.0,0.0,0.0,0.0
10720702,0.0,0.0,0.0,0.0,0.0,0.0,0.0
10720805,0.0,0.0,0.0,0.0,0.0,0.0,0.0
10720820,0.0,0.0,0.0,0.0,0.0,0.0,0.0
10720841,0.0,0.0,0.0,0.0,0.0,0.0,0.0
10720875,0.0,0.0,0.0,0.0,0.0,0.0,0.0
10720867,0.0,0.0,0.0,0.0,0.0,0.0,0.0
10720906,0.0,0.0,0.0,0.0,0.0,0.0,0.0
10720929,0.0,0.0,0.0,0.0,0.0,0.0,0.0
10720938,0.0,0.0,0.0,0.0,0.0,0.0,0.0
10720939,0.0,0.0,0.0,0.0,0.0,0.0,0.0
10721001,0.0,0.0,0.0,0.0,0.0,0.0,0.0
10721027,0.0,0.0,0.0,0.0,0.0,0.0,0.0
10721038,0.0,0.0,0.0,0.0,0.0,0.0,0.0
10721051,0.0,0.0,0.0,0.0,0.0,0.0,-1.0
10721055,0.0,0.0,0.0,0.0,0.0,0.0,-1.0
10721062,0.0,0.0,0.0,0.0,0.0,0.0,0.0
10721074,0.0,0.0,0.0,0.0,0.0,0.0,0.0
10721094,0.0,0.0,0.0,0.0,0.0,0.0,0.0
10721096,0.0,0.0,0.0,0.0,0.0,0.0,0.0
10721114,0.0,0.0,0.0,0.0,0.0,0.0,0.0
10721142,0.0,0.0,0.0,0.0,0.0,0.0,0.0
10721140,0.0,0.0,0.0,0.0,0.0,0.0,0.0
10721141,0.0,0.0,0.0,0.0,0.0,0.0,0.0
10721196,0.0,0.0,0.0,0.0,0.0,0.0,-1.0
10721228,0.0,0.0,0.0,0.0,0.0,0.0,0.0
10721261,0.0,0.0,0.0,0.0,0.0,0.0,-1.0
10721280,0.0,0.0,0.0,0.0,0.0,0.0,-1.0
10721303,0.0,0.0,0.0,0.0,0.0,0.0,0.0
10721302,0.0,0.0,0.0,0.0,0.0,0.0,0.0
10721297,0.0,0.0,0.0,0.0,0.0,0.0,0.0
10721320,0.0,0.0,0.0,0.0,0.0,0.0,0.0
10721387,0.0,0.0,0.0,0.0,0.0,0.0,0.0
10721406,0.0,0.0,0.0,0.0,0.0,0.0,0.0
10721393,0.0,0.0,0.0,0.0,0.0,0.0,0.0
10721436,0.0,0.0,0.0,0.0,0.0,0.0,0.0
10721432,0.0,0.0,0.0,0.0,0.0,0.0,0.0
10721451,0.0,0.0,0.0,0.0,0.0,0.0,0.0
10721465,0.0,0.0,0.0,0.0,0.0,0.0,0.0
10721491,0.0,0.0,0.0,0.0,0.0,0.0,0.0
10721493,0.0,0.0,0.0,0.0,0.0,0.0,-1.0
10721525,0.0,0.0,0.0,0.0,0.0,0.0,0.0
10721537,0.0,0.0,0.0,0.0,0.0,0.0,-1.0
10721587,0.0,0.0,0.0,0.0,0.0,0.0,0.0
10721613,0.0,0.0,0.0,0.0,0.0,0.0,-1.0
10721665,0.0,0.0,0.0,0.0,0.0,0.0,0.0
10721668,0.0,0.0,0.0,0.0,0.0,0.0,0.0
10721699,0.0,0.0,0.0,0.0,0.0,0.0,0.0
10721740,0.0,0.0,0.0,0.0,0.0,0.0,0.0
10721763,0.0,0.0,0.0,0.0,0.0,0.0,0.0
10721801,0.0,0.0,0.0,0.0,0.0,0.0,0.0
10721825,0.0,0.0,0.0,0.0,0.0,0.0,-1.0
10721844,0.0,0.0,0.0,0.0,0.0,0.0,-1.0
10721856,0.0,0.0,0.0,0.0,0.0,0.0,0.0
10721885,0.0,0.0,0.0,0.0,0.0,0.0,-1.0
10721894,0.0,0.0,0.0,0.0,0.0,0.0,0.0
10721914,0.0,0.0,0.0,0.0,0.0,0.0,0.0
10721993,0.0,0.0,0.0,0.0,0.0,0.0,0.0
10721991,0.0,0.0,0.0,0.0,0.0,0.0,0.0
10511015,0.0,0.0,0.0,0.0,0.0,0.0,0.0
10511059,0.0,0.0,0.0,0.0,0.0,0.0,0.0
10511046,0.0,0.0,0.0,0.0,0.0,0.0,0.0
10511060,0.0,0.0,0.0,0.0,0.0,0.0,0.0
10511124,0.0,0.0,0.0,0.0,0.0,0.0,0.0
10511196,0.0,0.0,0.0,0.0,0.0,0.0,0.0
10511194,0.0,0.0,0.0,0.0,0.0,0.0,0.0
10511253,0.0,0.0,0.0,0.0,0.0,0.0,0.0
10511271,0.0,0.0,0.0,0.0,0.0,0.0,0.0
10511287,0.0,0.0,0.0,0.0,0.0,0.0,0.0
10511313,0.0,0.0,0.0,0.0,0.0,0.0,0.0
10511319,0.0,0.0,0.0,0.0,0.0,0.0,0.0
10511411,0.0,0.0,0.0,0.0,0.0,0.0,0.0
10511409,0.0,0.0,0.0,0.0,0.0,0.0,0.0
10511455,0.0,0.0,0.0,0.0,0.0,0.0,0.0
10511465,0.0,0.0,0.0,0.0,0.0,0.0,0.0
10511477,0.0,0.0,0.0,0.0,0.0,0.0,0.0
10511488,0.0,0.0,0.0,0.0,0.0,0.0,0.0
10511502,0.0,0.0,0.0,0.0,0.0,0.0,0.0
10511514,0.0,0.0,0.0,0.0,0.0,0.0,0.0
10511571,0.0,0.0,0.0,0.0,0.0,0.0,0.0
10511601,0.0,0.0,0.0,0.0,0.0,0.0,0.0
10511615,0.0,0.0,0.0,0.0,0.0,0.0,0.0
10511647,0.0,0.0,0.0,0.0,0.0,0.0,0.0
10511656,0.0,0.0,0.0,0.0,0.0,0.0,0.0
10511737,0.0,0.0,0.0,0.0,0.0,0.0,0.0
10511822,0.0,0.0,0.0,0.0,0.0,0.0,0.0
10511874,0.0,0.0,0.0,0.0,0.0,0.0,0.0
10511902,0.0,0.0,0.0,0.0,0.0,0.0,0.0
10511954,0.0,0.0,0.0,0.0,0.0,0.0,0.0
10511996,0.0,0.0,0.0,0.0,0.0,0.0,0.0
10498009,0.0,0.0,0.0,0.0,0.0,0.0,0.0
10498010,0.0,0.0,0.0,0.0,0.0,0.0,0.0
10498029,0.0,0.0,0.0,0.0,0.0,0.0,0.0
10498040,0.0,0.0,0.0,0.0,0.0,0.0,0.0
10498092,0.0,0.0,0.0,0.0,0.0,0.0,0.0
10498100,0.0,0.0,0.0,0.0,0.0,0.0,0.0
10498108,0.0,0.0,0.0,0.0,0.0,0.0,-1.0
10498170,0.0,0.0,0.0,0.0,0.0,0.0,0.0
10498183,0.0,0.0,0.0,0.0,0.0,0.0,0.0
10498181,0.0,0.0,0.0,0.0,0.0,0.0,0.0
10498201,0.0,0.0,0.0,0.0,0.0,0.0,0.0
10498229,0.0,0.0,0.0,0.0,0.0,0.0,0.0
10498236,0.0,0.0,0.0,0.0,0.0,0.0,0.0
10498255,0.0,0.0,0.0,0.0,0.0,0.0,0.0
10498265,0.0,0.0,0.0,0.0,0.0,0.0,0.0
10498281,0.0,0.0,0.0,0.0,0.0,0.0,0.0
10498291,0.0,0.0,0.0,0.0,0.0,0.0,0.0
10498453,0.0,0.0,0.0,0.0,0.0,0.0,0.0
10498470,0.0,0.0,0.0,0.0,0.0,0.0,0.0
10498486,0.0,0.0,0.0,0.0,0.0,0.0,0.0
10498488,0.0,0.0,0.0,0.0,0.0,0.0,0.0
10498505,0.0,0.0,0.0,0.0,0.0,0.0,0.0
10498528,0.0,0.0,0.0,0.0,0.0,0.0,0.0
10498542,0.0,0.0,0.0,0.0,0.0,0.0,0.0
10498543,0.0,0.0,0.0,0.0,0.0,0.0,-1.0
10498554,0.0,0.0,0.0,0.0,0.0,0.0,0.0
10498588,0.0,0.0,0.0,0.0,0.0,0.0,0.0
10498600,0.0,0.0,0.0,0.0,0.0,0.0,0.0
10498592,0.0,0.0,0.0,0.0,0.0,0.0,0.0
10498614,0.0,0.0,0.0,0.0,0.0,0.0,0.0
10498635,0.0,0.0,0.0,0.0,0.0,0.0,0.0
10498655,0.0,0.0,0.0,0.0,0.0,0.0,0.0
10498726,0.0,0.0,0.0,0.0,0.0,0.0,-1.0
10498772,0.0,0.0,0.0,0.0,0.0,0.0,0.0
10498776,0.0,0.0,0.0,0.0,0.0,0.0,0.0
10498780,0.0,0.0,0.0,0.0,0.0,0.0,0.0
10498810,0.0,0.0,0.0,0.0,0.0,0.0,0.0
10498890,0.0,0.0,0.0,0.0,0.0,0.0,0.0
10498915,0.0,0.0,0.0,0.0,0.0,0.0,0.0
10498909,0.0,0.0,0.0,0.0,0.0,0.0,0.0
10498925,0.0,0.0,0.0,0.0,0.0,0.0,0.0
10498936,0.0,0.0,0.0,0.0,0.0,0.0,0.0
10498933,0.0,0.0,0.0,0.0,0.0,0.0,0.0
10498996,0.0,0.0,0.0,0.0,0.0,0.0,0.0
10499020,0.0,0.0,0.0,0.0,0.0,0.0,0.0
10499048,0.0,0.0,0.0,0.0,0.0,0.0,0.0
10499051,0.0,0.0,0.0,0.0,0.0,0.0,0.0
10499057,0.0,0.0,0.0,0.0,0.0,0.0,0.0
10499079,0.0,0.0,0.0,0.0,0.0,0.0,0.0
10499119,0.0,0.0,0.0,0.0,0.0,0.0,-1.0
10499134,0.0,0.0,0.0,0.0,0.0,0.0,0.0
10499133,0.0,0.0,0.0,0.0,0.0,0.0,0.0
10499144,0.0,0.0,0.0,0.0,0.0,0.0,0.0
10499155,0.0,0.0,0.0,0.0,0.0,0.0,0.0
10499167,0.0,0.0,0.0,0.0,0.0,0.0,0.0
10499179,0.0,0.0,0.0,0.0,0.0,0.0,0.0
10499196,0.0,0.0,0.0,0.0,0.0,0.0,0.0
10499220,0.0,0.0,0.0,0.0,0.0,0.0,0.0
10499231,0.0,0.0,0.0,0.0,0.0,0.0,-1.0
10499314,0.0,0.0,0.0,0.0,0.0,0.0,0.0
10499329,0.0,0.0,0.0,0.0,0.0,0.0,0.0
10499344,0.0,0.0,0.0,0.0,0.0,0.0,0.0
10499356,0.0,0.0,0.0,0.0,0.0,0.0,0.0
10499370,0.0,0.0,0.0,0.0,0.0,0.0,0.0
10499451,0.0,0.0,0.0,0.0,0.0,0.0,0.0
10499492,0.0,0.0,0.0,0.0,0.0,0.0,0.0
10499482,0.0,0.0,0.0,0.0,0.0,0.0,0.0
10499512,0.0,0.0,0.0,0.0,0.0,0.0,0.0
10499514,0.0,0.0,0.0,0.0,0.0,0.0,0.0
10499531,0.0,0.0,0.0,0.0,0.0,0.0,0.0
10499547,0.0,0.0,0.0,0.0,0.0,0.0,0.0
10499546,0.0,0.0,0.0,0.0,0.0,0.0,0.0
10499564,0.0,0.0,0.0,0.0,0.0,0.0,0.0
10499557,0.0,0.0,0.0,0.0,0.0,0.0,0.0
10499586,0.0,0.0,0.0,0.0,0.0,0.0,0.0
10499580,0.0,0.0,0.0,0.0,0.0,0.0,0.0
10499621,0.0,0.0,0.0,0.0,0.0,0.0,0.0
10499615,0.0,0.0,0.0,0.0,0.0,0.0,0.0
10499623,0.0,0.0,0.0,0.0,0.0,0.0,0.0
10499638,0.0,0.0,0.0,0.0,0.0,0.0,0.0
10499696,0.0,0.0,0.0,0.0,0.0,0.0,0.0
10499738,0.0,0.0,0.0,0.0,0.0,0.0,0.0
10499726,0.0,0.0,0.0,0.0,0.0,0.0,0.0
10499723,0.0,0.0,0.0,0.0,0.0,0.0,0.0
10499729,0.0,0.0,0.0,0.0,0.0,0.0,0.0
10499737,0.0,0.0,0.0,0.0,0.0,0.0,0.0
10499743,0.0,0.0,0.0,0.0,0.0,0.0,0.0
10499752,0.0,0.0,0.0,0.0,0.0,0.0,0.0
10499746,0.0,0.0,0.0,0.0,0.0,0.0,0.0
10499754,0.0,0.0,0.0,0.0,0.0,0.0,0.0
10499823,0.0,0.0,0.0,0.0,0.0,0.0,0.0
10499843,0.0,0.0,0.0,0.0,0.0,0.0,0.0
10499848,0.0,0.0,0.0,0.0,0.0,0.0,0.0
10499929,0.0,0.0,0.0,0.0,0.0,0.0,0.0
10499920,0.0,0.0,0.0,0.0,0.0,0.0,0.0
10499942,0.0,0.0,0.0,0.0,0.0,0.0,0.0
10499933,0.0,0.0,0.0,0.0,0.0,0.0,0.0
10499950,0.0,0.0,0.0,0.0,0.0,0.0,0.0
10499959,0.0,0.0,0.0,0.0,0.0,0.0,-1.0
10499946,0.0,0.0,0.0,0.0,0.0,0.0,0.0
10499960,0.0,0.0,0.0,0.0,0.0,0.0,0.0
10499972,0.0,0.0,0.0,0.0,0.0,0.0,0.0
10499987,0.0,0.0,0.0,0.0,0.0,0.0,0.0
10500000,0.0,0.0,0.0,0.0,0.0,0.0,0.0
11118003,0.0,0.0,0.0,0.0,0.0,0.0,0.0
11118022,0.0,0.0,0.0,0.0,0.0,0.0,0.0
11118045,0.0,0.0,0.0,0.0,0.0,0.0,-1.0
11118037,0.0,0.0,0.0,0.0,0.0,0.0,0.0
11118094,0.0,0.0,0.0,0.0,0.0,0.0,0.0
11118103,0.0,0.0,0.0,0.0,0.0,0.0,0.0
11118152,0.0,0.0,0.0,0.0,0.0,0.0,0.0
11118148,0.0,0.0,0.0,0.0,0.0,0.0,0.0
11118231,0.0,0.0,0.0,0.0,0.0,0.0,0.0
11118228,0.0,0.0,0.0,0.0,0.0,0.0,-1.0
11118232,0.0,0.0,0.0,0.0,0.0,0.0,0.0
11118240,0.0,0.0,0.0,0.0,0.0,0.0,0.0
11118259,0.0,0.0,0.0,0.0,0.0,0.0,0.0
11118256,0.0,0.0,0.0,0.0,0.0,0.0,0.0
11118316,0.0,0.0,0.0,0.0,0.0,0.0,0.0
11118324,0.0,0.0,0.0,0.0,0.0,0.0,0.0
11118331,0.0,0.0,0.0,0.0,0.0,0.0,0.0
11118355,0.0,0.0,0.0,0.0,0.0,0.0,-1.0
11118371,0.0,0.0,0.0,0.0,0.0,0.0,0.0
11118410,0.0,0.0,0.0,0.0,0.0,0.0,0.0
11118479,0.0,0.0,0.0,0.0,0.0,0.0,0.0
11118501,0.0,0.0,0.0,0.0,0.0,0.0,0.0
11118486,0.0,0.0,0.0,0.0,0.0,0.0,0.0
11118521,0.0,0.0,0.0,0.0,0.0,0.0,0.0
11118529,0.0,0.0,0.0,0.0,0.0,0.0,0.0
11118573,0.0,0.0,0.0,0.0,0.0,0.0,0.0
11118583,0.0,0.0,0.0,0.0,0.0,0.0,0.0
11118623,0.0,0.0,0.0,0.0,0.0,0.0,0.0
11118634,0.0,0.0,0.0,0.0,0.0,0.0,0.0
11118639,0.0,0.0,0.0,0.0,0.0,0.0,0.0
11118648,0.0,0.0,0.0,0.0,0.0,0.0,0.0
11118652,0.0,0.0,0.0,0.0,0.0,0.0,0.0
11118708,0.0,0.0,0.0,0.0,0.0,0.0,0.0
11118727,0.0,0.0,0.0,0.0,0.0,0.0,0.0
11118745,0.0,0.0,0.0,0.0,0.0,0.0,0.0
11118748,0.0,0.0,0.0,0.0,0.0,0.0,0.0
11118753,0.0,0.0,0.0,0.0,0.0,0.0,0.0
11118757,0.0,0.0,0.0,0.0,0.0,0.0,0.0
11118758,0.0,0.0,0.0,0.0,0.0,0.0,-1.0
11118779,0.0,0.0,0.0,0.0,0.0,0.0,0.0
11118864,0.0,0.0,0.0,0.0,0.0,0.0,0.0
11118879,0.0,0.0,0.0,0.0,0.0,0.0,0.0
11118871,0.0,0.0,0.0,0.0,0.0,0.0,0.0
11118870,0.0,0.0,0.0,0.0,0.0,0.0,0.0
11118903,0.0,0.0,0.0,0.0,0.0,0.0,0.0
11118913,0.0,0.0,0.0,0.0,0.0,0.0,0.0
11118911,0.0,0.0,0.0,0.0,0.0,0.0,0.0
11118924,0.0,0.0,0.0,0.0,0.0,0.0,0.0
11118945,0.0,0.0,0.0,0.0,0.0,0.0,0.0
11118950,0.0,0.0,0.0,0.0,0.0,0.0,0.0
11118991,0.0,0.0,0.0,0.0,0.0,0.0,0.0
10040036,0.0,0.0,0.0,0.0,0.0,0.0,0.0
10040045,0.0,0.0,0.0,0.0,0.0,0.0,0.0
10040102,0.0,0.0,0.0,0.0,0.0,0.0,0.0
10040116,0.0,0.0,0.0,0.0,0.0,0.0,0.0
10040149,0.0,0.0,0.0,0.0,0.0,0.0,0.0
10040154,0.0,0.0,0.0,0.0,0.0,0.0,0.0
10040170,0.0,0.0,0.0,0.0,0.0,0.0,0.0
10040179,0.0,0.0,0.0,0.0,0.0,0.0,0.0
10040192,0.0,0.0,0.0,0.0,0.0,0.0,0.0
10040217,0.0,0.0,0.0,0.0,0.0,0.0,0.0
10040246,0.0,0.0,0.0,0.0,0.0,0.0,-1.0
10040242,0.0,0.0,0.0,0.0,0.0,0.0,0.0
10040348,0.0,0.0,0.0,0.0,0.0,0.0,0.0
10040369,0.0,0.0,0.0,0.0,0.0,0.0,0.0
10040386,0.0,0.0,0.0,0.0,0.0,0.0,0.0
10040409,0.0,0.0,0.0,0.0,0.0,0.0,0.0
10040404,0.0,0.0,0.0,0.0,0.0,0.0,0.0
10040411,0.0,0.0,0.0,0.0,0.0,0.0,0.0
10040410,0.0,0.0,0.0,0.0,0.0,0.0,0.0
10040420,0.0,0.0,0.0,0.0,0.0,0.0,0.0
10040438,0.0,0.0,0.0,0.0,0.0,0.0,0.0
10040461,0.0,0.0,0.0,0.0,0.0,0.0,0.0
10040506,0.0,0.0,0.0,0.0,0.0,0.0,-1.0
10040625,0.0,0.0,0.0,0.0,0.0,0.0,0.0
10040671,0.0,0.0,0.0,0.0,0.0,0.0,0.0
10040677,0.0,0.0,0.0,0.0,0.0,0.0,0.0
10040697,0.0,0.0,0.0,0.0,0.0,0.0,0.0
10040729,0.0,0.0,0.0,0.0,0.0,0.0,0.0
10040730,0.0,0.0,0.0,0.0,0.0,0.0,0.0
10040720,0.0,0.0,0.0,0.0,0.0,0.0,0.0
10040750,0.0,0.0,0.0,0.0,0.0,0.0,0.0
10040796,0.0,0.0,0.0,0.0,0.0,0.0,0.0
10040850,0.0,0.0,0.0,0.0,0.0,0.0,0.0
10040911,0.0,0.0,0.0,0.0,0.0,0.0,0.0
10040920,0.0,0.0,0.0,0.0,0.0,0.0,0.0
10040954,0.0,0.0,0.0,0.0,0.0,0.0,0.0
10040966,0.0,0.0,0.0,0.0,0.0,0.0,0.0
10040983,0.0,0.0,0.0,0.0,0.0,0.0,0.0
10041036,0.0,0.0,0.0,0.0,0.0,0.0,0.0
10041061,0.0,0.0,0.0,0.0,0.0,0.0,-1.0
10041051,0.0,0.0,0.0,0.0,0.0,0.0,0.0
10041073,0.0,0.0,0.0,0.0,0.0,0.0,0.0
10041086,0.0,0.0,0.0,0.0,0.0,0.0,0.0
10041119,0.0,0.0,0.0,0.0,0.0,0.0,0.0
10041142,0.0,0.0,0.0,0.0,0.0,0.0,0.0
10041139,0.0,0.0,0.0,0.0,0.0,0.0,0.0
10041187,0.0,0.0,0.0,0.0,0.0,0.0,0.0
10041202,0.0,0.0,0.0,0.0,0.0,0.0,0.0
10041235,0.0,0.0,0.0,0.0,0.0,0.0,-1.0
10041281,0.0,0.0,0.0,0.0,0.0,0.0,0.0
10041305,0.0,0.0,0.0,0.0,0.0,0.0,0.0
10041312,0.0,0.0,0.0,0.0,0.0,0.0,0.0
10041324,0.0,0.0,0.0,0.0,0.0,0.0,0.0
10041345,0.0,0.0,0.0,0.0,0.0,0.0,-1.0
10041330,0.0,0.0,0.0,0.0,0.0,0.0,0.0
10041366,0.0,0.0,0.0,0.0,0.0,0.0,0.0
10041367,0.0,0.0,0.0,0.0,0.0,0.0,0.0
10041432,0.0,0.0,0.0,0.0,0.0,0.0,-1.0
10041456,0.0,0.0,0.0,0.0,0.0,0.0,0.0
10041462,0.0,0.0,0.0,0.0,0.0,0.0,0.0
10041473,0.0,0.0,0.0,0.0,0.0,0.0,0.0
10041487,0.0,0.0,0.0,0.0,0.0,0.0,0.0
10041517,0.0,0.0,0.0,0.0,0.0,0.0,0.0
10041535,0.0,0.0,0.0,0.0,0.0,0.0,0.0
10041602,0.0,0.0,0.0,0.0,0.0,0.0,0.0
10041641,0.0,0.0,0.0,0.0,0.0,0.0,0.0
10041645,0.0,0.0,0.0,0.0,0.0,0.0,0.0
10041646,0.0,0.0,0.0,0.0,0.0,0.0,0.0
10041668,0.0,0.0,0.0,0.0,0.0,0.0,0.0
10041685,0.0,0.0,0.0,0.0,0.0,0.0,0.0
10041707,0.0,0.0,0.0,0.0,0.0,0.0,0.0
10041752,0.0,0.0,0.0,0.0,0.0,0.0,0.0
10041784,0.0,0.0,0.0,0.0,0.0,0.0,0.0
10041828,0.0,0.0,0.0,0.0,0.0,0.0,0.0
10041868,0.0,0.0,0.0,0.0,0.0,0.0,0.0
10041887,0.0,0.0,0.0,0.0,0.0,0.0,0.0
10041929,0.0,0.0,0.0,0.0,0.0,0.0,0.0
10041944,0.0,0.0,0.0,0.0,0.0,0.0,0.0
10041939,0.0,0.0,0.0,0.0,0.0,0.0,0.0
10041954,0.0,0.0,0.0,0.0,0.0,0.0,0.0
11260012,0.0,0.0,0.0,0.0,0.0,0.0,0.0
11260026,0.0,0.0,0.0,0.0,0.0,0.0,0.0
11260045,0.0,0.0,0.0,0.0,0.0,0.0,0.0
11260090,0.0,0.0,0.0,0.0,0.0,0.0,0.0
11260093,0.0,0.0,0.0,0.0,0.0,0.0,0.0
11260106,0.0,0.0,0.0,0.0,0.0,0.0,0.0
11260127,0.0,0.0,0.0,0.0,0.0,0.0,0.0
11260179,0.0,0.0,0.0,0.0,0.0,0.0,0.0
11260256,0.0,0.0,0.0,0.0,0.0,0.0,0.0
11260279,0.0,0.0,0.0,0.0,0.0,0.0,-1.0
11260365,0.0,0.0,0.0,0.0,0.0,0.0,0.0
11260385,0.0,0.0,0.0,0.0,0.0,0.0,0.0
11260379,0.0,0.0,0.0,0.0,0.0,0.0,0.0
11260406,0.0,0.0,0.0,0.0,0.0,0.0,0.0
11260407,0.0,0.0,0.0,0.0,0.0,0.0,0.0
11260417,0.0,0.0,0.0,0.0,0.0,0.0,-1.0
11260416,0.0,0.0,0.0,0.0,0.0,0.0,0.0
11260427,0.0,0.0,0.0,0.0,0.0,0.0,0.0
11260426,0.0,0.0,0.0,0.0,0.0,0.0,0.0
11260449,0.0,0.0,0.0,0.0,0.0,0.0,0.0
11260441,0.0,0.0,0.0,0.0,0.0,0.0,0.0
11260462,0.0,0.0,0.0,0.0,0.0,0.0,-1.0
11260472,0.0,0.0,0.0,0.0,0.0,0.0,0.0
11260523,0.0,0.0,0.0,0.0,0.0,0.0,0.0
11260560,0.0,0.0,0.0,0.0,0.0,0.0,0.0
11260589,0.0,0.0,0.0,0.0,0.0,0.0,0.0
11260595,0.0,0.0,0.0,0.0,0.0,0.0,0.0
11260608,0.0,0.0,0.0,0.0,0.0,0.0,-1.0
11260633,0.0,0.0,0.0,0.0,0.0,0.0,0.0
11260634,0.0,0.0,0.0,0.0,0.0,0.0,0.0
11260636,0.0,0.0,0.0,0.0,0.0,0.0,0.0
11260660,0.0,0.0,0.0,0.0,0.0,0.0,0.0
11260674,0.0,0.0,0.0,0.0,0.0,0.0,0.0
11260681,0.0,0.0,0.0,0.0,0.0,0.0,0.0
11260737,0.0,0.0,0.0,0.0,0.0,0.0,0.0
11260730,0.0,0.0,0.0,0.0,0.0,0.0,0.0
11260771,0.0,0.0,0.0,0.0,0.0,0.0,-1.0
11260783,0.0,0.0,0.0,0.0,0.0,0.0,0.0
11260795,0.0,0.0,0.0,0.0,0.0,0.0,0.0
11260797,0.0,0.0,0.0,0.0,0.0,0.0,0.0
11260843,0.0,0.0,0.0,0.0,0.0,0.0,0.0
11260876,0.0,0.0,0.0,0.0,0.0,0.0,0.0
11260874,0.0,0.0,0.0,0.0,0.0,0.0,0.0
11260880,0.0,0.0,0.0,0.0,0.0,0.0,0.0
11260928,0.0,0.0,0.0,0.0,0.0,0.0,0.0
11260933,0.0,0.0,0.0,0.0,0.0,0.0,0.0
11260947,0.0,0.0,0.0,0.0,0.0,0.0,0.0
11260969,0.0,0.0,0.0,0.0,0.0,0.0,0.0
11260981,0.0,0.0,0.0,0.0,0.0,0.0,0.0
11260988,0.0,0.0,0.0,0.0,0.0,0.0,0.0
11261104,0.0,0.0,0.0,0.0,0.0,0.0,0.0
11261093,0.0,0.0,0.0,0.0,0.0,0.0,-1.0
11261176,0.0,0.0,0.0,0.0,0.0,0.0,-1.0
11261179,0.0,0.0,0.0,0.0,0.0,0.0,0.0
11261234,0.0,0.0,0.0,0.0,0.0,0.0,0.0
11261247,0.0,0.0,0.0,0.0,0.0,0.0,0.0
11261263,0.0,0.0,0.0,0.0,0.0,0.0,0.0
11261303,0.0,0.0,0.0,0.0,0.0,0.0,0.0
11261315,0.0,0.0,0.0,0.0,0.0,0.0,0.0
11261346,0.0,0.0,0.0,0.0,0.0,0.0,-1.0
11261347,0.0,0.0,0.0,0.0,0.0,0.0,0.0
11261373,0.0,0.0,0.0,0.0,0.0,0.0,0.0
11261416,0.0,0.0,0.0,0.0,0.0,0.0,0.0
11261413,0.0,0.0,0.0,0.0,0.0,0.0,0.0
11261564,0.0,0.0,0.0,0.0,0.0,0.0,0.0
11261566,0.0,0.0,0.0,0.0,0.0,0.0,0.0
11261571,0.0,0.0,0.0,0.0,0.0,0.0,0.0
11261593,0.0,0.0,0.0,0.0,0.0,0.0,0.0
11261624,0.0,0.0,0.0,0.0,0.0,0.0,0.0
11261627,0.0,0.0,0.0,0.0,0.0,0.0,0.0
11261649,0.0,0.0,0.0,0.0,0.0,0.0,0.0
11261771,0.0,0.0,0.0,0.0,0.0,0.0,0.0
11261778,0.0,0.0,0.0,0.0,0.0,0.0,0.0
11261774,0.0,0.0,0.0,0.0,0.0,0.0,0.0
11261811,0.0,0.0,0.0,0.0,0.0,0.0,0.0
11261824,0.0,0.0,0.0,0.0,0.0,0.0,0.0
11261831,0.0,0.0,0.0,0.0,0.0,0.0,0.0
11261844,0.0,0.0,0.0,0.0,0.0,0.0,0.0
11261868,0.0,0.0,0.0,0.0,0.0,0.0,0.0
11261873,0.0,0.0,0.0,0.0,0.0,0.0,0.0
11261894,0.0,0.0,0.0,0.0,0.0,0.0,0.0
11261916,0.0,0.0,0.0,0.0,0.0,0.0,0.0
11261954,0.0,0.0,0.0,0.0,0.0,0.0,0.0
11261984,0.0,0.0,0.0,0.0,0.0,0.0,0.0
11261986,0.0,0.0,0.0,0.0,0.0,0.0,0.0
10240006,0.0,0.0,0.0,0.0,0.0,0.0,0.0
10240094,0.0,0.0,0.0,0.0,0.0,0.0,0.0
10240087,0.0,0.0,0.0,0.0,0.0,0.0,0.0
10240107,0.0,0.0,0.0,0.0,0.0,0.0,0.0
10240154,0.0,0.0,0.0,0.0,0.0,0.0,0.0
10240179,0.0,0.0,0.0,0.0,0.0,0.0,-1.0
10240233,0.0,0.0,0.0,0.0,0.0,0.0,0.0
10240253,0.0,0.0,0.0,0.0,0.0,0.0,0.0
10240278,0.0,0.0,0.0,0.0,0.0,0.0,0.0
10240272,0.0,0.0,0.0,0.0,0.0,0.0,0.0
10240308,0.0,0.0,0.0,0.0,0.0,0.0,0.0
10240313,0.0,0.0,0.0,0.0,0.0,0.0,-1.0
10240338,0.0,0.0,0.0,0.0,0.0,0.0,0.0
10240340,0.0,0.0,0.0,0.0,0.0,0.0,0.0
10240343,0.0,0.0,0.0,0.0,0.0,0.0,0.0
10240367,0.0,0.0,0.0,0.0,0.0,0.0,0.0
10240387,0.0,0.0,0.0,0.0,0.0,0.0,0.0
10240402,0.0,0.0,0.0,0.0,0.0,0.0,0.0
10240442,0.0,0.0,0.0,0.0,0.0,0.0,0.0
10240486,0.0,0.0,0.0,0.0,0.0,0.0,0.0
10240500,0.0,0.0,0.0,0.0,0.0,0.0,0.0
10240497,0.0,0.0,0.0,0.0,0.0,0.0,0.0
10240510,0.0,0.0,0.0,0.0,0.0,0.0,-1.0
10240534,0.0,0.0,0.0,0.0,0.0,0.0,0.0
10240552,0.0,0.0,0.0,0.0,0.0,0.0,0.0
10240538,0.0,0.0,0.0,0.0,0.0,0.0,0.0
10240582,0.0,0.0,0.0,0.0,0.0,0.0,0.0
10240575,0.0,0.0,0.0,0.0,0.0,0.0,0.0
10240597,0.0,0.0,0.0,0.0,0.0,0.0,0.0
10240620,0.0,0.0,0.0,0.0,0.0,0.0,0.0
10240637,0.0,0.0,0.0,0.0,0.0,0.0,0.0
10240648,0.0,0.0,0.0,0.0,0.0,0.0,0.0
10240662,0.0,0.0,0.0,0.0,0.0,0.0,0.0
10240698,0.0,0.0,0.0,0.0,0.0,0.0,0.0
10240720,0.0,0.0,0.0,0.0,0.0,0.0,0.0
10240735,0.0,0.0,0.0,0.0,0.0,0.0,0.0
10240728,0.0,0.0,0.0,0.0,0.0,0.0,0.0
10240791,0.0,0.0,0.0,0.0,0.0,0.0,0.0
10240812,0.0,0.0,0.0,0.0,0.0,0.0,0.0
10240818,0.0,0.0,0.0,0.0,0.0,0.0,0.0
10240845,0.0,0.0,0.0,0.0,0.0,0.0,0.0
10240840,0.0,0.0,0.0,0.0,0.0,0.0,0.0
10240858,0.0,0.0,0.0,0.0,0.0,0.0,0.0
10240861,0.0,0.0,0.0,0.0,0.0,0.0,0.0
10240876,0.0,0.0,0.0,0.0,0.0,0.0,0.0
10240906,0.0,0.0,0.0,0.0,0.0,0.0,0.0
10240937,0.0,0.0,0.0,0.0,0.0,0.0,0.0
10240944,0.0,0.0,0.0,0.0,0.0,0.0,-1.0
10240959,0.0,0.0,0.0,0.0,0.0,0.0,0.0
10240996,0.0,0.0,0.0,0.0,0.0,0.0,0.0
10241001,0.0,0.0,0.0,0.0,0.0,0.0,0.0
10241030,0.0,0.0,0.0,0.0,0.0,0.0,0.0
10241043,0.0,0.0,0.0,0.0,0.0,0.0,0.0
10241091,0.0,0.0,0.0,0.0,0.0,0.0,0.0
10241106,0.0,0.0,0.0,0.0,0.0,0.0,-1.0
10241111,0.0,0.0,0.0,0.0,0.0,0.0,0.0
10241148,0.0,0.0,0.0,0.0,0.0,0.0,0.0
10241176,0.0,0.0,0.0,0.0,0.0,0.0,0.0
10241179,0.0,0.0,0.0,0.0,0.0,0.0,0.0
10241213,0.0,0.0,0.0,0.0,0.0,0.0,0.0
10241239,0.0,0.0,0.0,0.0,0.0,0.0,0.0
10241242,0.0,0.0,0.0,0.0,0.0,0.0,0.0
10241256,0.0,0.0,0.0,0.0,0.0,0.0,0.0
10241271,0.0,0.0,0.0,0.0,0.0,0.0,0.0
10241281,0.0,0.0,0.0,0.0,0.0,0.0,0.0
10241310,0.0,0.0,0.0,0.0,0.0,0.0,0.0
10241308,0.0,0.0,0.0,0.0,0.0,0.0,0.0
10241293,0.0,0.0,0.0,0.0,0.0,0.0,0.0
10241314,0.0,0.0,0.0,0.0,0.0,0.0,0.0
10241351,0.0,0.0,0.0,0.0,0.0,0.0,0.0
10241358,0.0,0.0,0.0,0.0,0.0,0.0,0.0
10241424,0.0,0.0,0.0,0.0,0.0,0.0,0.0
10241433,0.0,0.0,0.0,0.0,0.0,0.0,0.0
10241432,0.0,0.0,0.0,0.0,0.0,0.0,0.0
10241447,0.0,0.0,0.0,0.0,0.0,0.0,-1.0
10241448,0.0,0.0,0.0,0.0,0.0,0.0,0.0
10241568,0.0,0.0,0.0,0.0,0.0,0.0,0.0
10241571,0.0,0.0,0.0,0.0,0.0,0.0,0.0
10241591,0.0,0.0,0.0,0.0,0.0,0.0,0.0
10241621,0.0,0.0,0.0,0.0,0.0,0.0,0.0
10241659,0.0,0.0,0.0,0.0,0.0,0.0,0.0
10241658,0.0,0.0,0.0,0.0,0.0,0.0,0.0
10241665,0.0,0.0,0.0,0.0,0.0,0.0,0.0
10241705,0.0,0.0,0.0,0.0,0.0,0.0,0.0
10241708,0.0,0.0,0.0,0.0,0.0,0.0,0.0
10241768,0.0,0.0,0.0,0.0,0.0,0.0,0.0
10241783,0.0,0.0,0.0,0.0,0.0,0.0,0.0
10241797,0.0,0.0,0.0,0.0,0.0,0.0,0.0
10241921,0.0,0.0,0.0,0.0,0.0,0.0,0.0
10241973,0.0,0.0,0.0,0.0,0.0,0.0,-1.0
10242000,0.0,0.0,0.0,0.0,0.0,0.0,0.0
10436009,0.0,0.0,0.0,0.0,0.0,0.0,0.0
10436045,0.0,0.0,0.0,0.0,0.0,0.0,0.0
10436060,0.0,0.0,0.0,0.0,0.0,0.0,0.0
10436076,0.0,0.0,0.0,0.0,0.0,0.0,0.0
10436101,0.0,0.0,0.0,0.0,0.0,0.0,0.0
10436179,0.0,0.0,0.0,0.0,0.0,0.0,0.0
10436172,0.0,0.0,0.0,0.0,0.0,0.0,-1.0
10436249,0.0,0.0,0.0,0.0,0.0,0.0,-1.0
10436284,0.0,0.0,0.0,0.0,0.0,0.0,0.0
10436294,0.0,0.0,0.0,0.0,0.0,0.0,0.0
10436336,0.0,0.0,0.0,0.0,0.0,0.0,0.0
10436353,0.0,0.0,0.0,0.0,0.0,0.0,0.0
10436360,0.0,0.0,0.0,0.0,0.0,0.0,0.0
10436368,0.0,0.0,0.0,0.0,0.0,0.0,0.0
10436388,0.0,0.0,0.0,0.0,0.0,0.0,0.0
10436427,0.0,0.0,0.0,0.0,0.0,0.0,-1.0
10436436,0.0,0.0,0.0,0.0,0.0,0.0,0.0
10436493,0.0,0.0,0.0,0.0,0.0,0.0,0.0
10436492,0.0,0.0,0.0,0.0,0.0,0.0,0.0
10436521,0.0,0.0,0.0,0.0,0.0,0.0,0.0
10436508,0.0,0.0,0.0,0.0,0.0,0.0,-1.0
10436538,0.0,0.0,0.0,0.0,0.0,0.0,0.0
10436530,0.0,0.0,0.0,0.0,0.0,0.0,0.0
10436537,0.0,0.0,0.0,0.0,0.0,0.0,-1.0
10436605,0.0,0.0,0.0,0.0,0.0,0.0,-1.0
10436641,0.0,0.0,0.0,0.0,0.0,0.0,0.0
10436654,0.0,0.0,0.0,0.0,0.0,0.0,0.0
10436700,0.0,0.0,0.0,0.0,0.0,0.0,-1.0
10436753,0.0,0.0,0.0,0.0,0.0,0.0,0.0
10436769,0.0,0.0,0.0,0.0,0.0,0.0,0.0
10436811,0.0,0.0,0.0,0.0,0.0,0.0,0.0
10436828,0.0,0.0,0.0,0.0,0.0,0.0,-1.0
10436844,0.0,0.0,0.0,0.0,0.0,0.0,0.0
10436841,0.0,0.0,0.0,0.0,0.0,0.0,0.0
10436864,0.0,0.0,0.0,0.0,0.0,0.0,0.0
10436892,0.0,0.0,0.0,0.0,0.0,0.0,0.0
10436915,0.0,0.0,0.0,0.0,0.0,0.0,0.0
10436986,0.0,0.0,0.0,0.0,0.0,0.0,-1.0
10437021,0.0,0.0,0.0,0.0,0.0,0.0,0.0
10437069,0.0,0.0,0.0,0.0,0.0,0.0,-1.0
10437091,0.0,0.0,0.0,0.0,0.0,0.0,0.0
10437140,0.0,0.0,0.0,0.0,0.0,0.0,0.0
10437148,0.0,0.0,0.0,0.0,0.0,0.0,0.0
10437199,0.0,0.0,0.0,0.0,0.0,0.0,0.0
10437268,0.0,0.0,0.0,0.0,0.0,0.0,0.0
10437284,0.0,0.0,0.0,0.0,0.0,0.0,0.0
10437317,0.0,0.0,0.0,0.0,0.0,0.0,0.0
10437361,0.0,0.0,0.0,0.0,0.0,0.0,0.0
10437365,0.0,0.0,0.0,0.0,0.0,0.0,0.0
10437391,0.0,0.0,0.0,0.0,0.0,0.0,0.0
10437428,0.0,0.0,0.0,0.0,0.0,0.0,0.0
10437399,0.0,0.0,0.0,0.0,0.0,0.0,0.0
10437451,0.0,0.0,0.0,0.0,0.0,0.0,0.0
10437464,0.0,0.0,0.0,0.0,0.0,0.0,0.0
10437468,0.0,0.0,0.0,0.0,0.0,0.0,0.0
10437469,0.0,0.0,0.0,0.0,0.0,0.0,0.0
10437500,0.0,0.0,0.0,0.0,0.0,0.0,0.0
10437533,0.0,0.0,0.0,0.0,0.0,0.0,0.0
10437554,0.0,0.0,0.0,0.0,0.0,0.0,0.0
10437577,0.0,0.0,0.0,0.0,0.0,0.0,0.0
10437598,0.0,0.0,0.0,0.0,0.0,0.0,0.0
10437614,0.0,0.0,0.0,0.0,0.0,0.0,0.0
10437617,0.0,0.0,0.0,0.0,0.0,0.0,0.0
10437640,0.0,0.0,0.0,0.0,0.0,0.0,0.0
10437650,0.0,0.0,0.0,0.0,0.0,0.0,0.0
10437658,0.0,0.0,0.0,0.0,0.0,0.0,0.0
10437667,0.0,0.0,0.0,0.0,0.0,0.0,0.0
10437728,0.0,0.0,0.0,0.0,0.0,0.0,0.0
10437769,0.0,0.0,0.0,0.0,0.0,0.0,0.0
10437775,0.0,0.0,0.0,0.0,0.0,0.0,0.0
10437800,0.0,0.0,0.0,0.0,0.0,0.0,0.0
10437827,0.0,0.0,0.0,0.0,0.0,0.0,0.0
10437846,0.0,0.0,0.0,0.0,0.0,0.0,0.0
10437878,0.0,0.0,0.0,0.0,0.0,0.0,0.0
10437889,0.0,0.0,0.0,0.0,0.0,0.0,0.0
10437900,0.0,0.0,0.0,0.0,0.0,0.0,0.0
10437921,0.0,0.0,0.0,0.0,0.0,0.0,0.0
10437939,0.0,0.0,0.0,0.0,0.0,0.0,0.0
10437945,0.0,0.0,0.0,0.0,0.0,0.0,0.0
10598006,0.0,0.0,0.0,0.0,0.0,0.0,0.0
10598043,0.0,0.0,0.0,0.0,0.0,0.0,0.0
10598059,0.0,0.0,0.0,0.0,0.0,0.0,0.0
10598053,0.0,0.0,0.0,0.0,0.0,0.0,0.0
10598091,0.0,0.0,0.0,0.0,0.0,0.0,0.0
10598135,0.0,0.0,0.0,0.0,0.0,0.0,0.0
10598151,0.0,0.0,0.0,0.0,0.0,0.0,0.0
10598167,0.0,0.0,0.0,0.0,0.0,0.0,0.0
10598166,0.0,0.0,0.0,0.0,0.0,0.0,0.0
10598200,0.0,0.0,0.0,0.0,0.0,0.0,0.0
10598205,0.0,0.0,0.0,0.0,0.0,0.0,0.0
10598240,0.0,0.0,0.0,0.0,0.0,0.0,0.0
10598236,0.0,0.0,0.0,0.0,0.0,0.0,0.0
10598237,0.0,0.0,0.0,0.0,0.0,0.0,0.0
10598276,0.0,0.0,0.0,0.0,0.0,0.0,0.0
10598275,0.0,0.0,0.0,0.0,0.0,0.0,0.0
10598271,0.0,0.0,0.0,0.0,0.0,0.0,-1.0
10598281,0.0,0.0,0.0,0.0,0.0,0.0,0.0
10598303,0.0,0.0,0.0,0.0,0.0,0.0,0.0
10598312,0.0,0.0,0.0,0.0,0.0,0.0,0.0
10598324,0.0,0.0,0.0,0.0,0.0,0.0,0.0
10598327,0.0,0.0,0.0,0.0,0.0,0.0,0.0
10598352,0.0,0.0,0.0,0.0,0.0,0.0,0.0
10598367,0.0,0.0,0.0,0.0,0.0,0.0,-1.0
10598369,0.0,0.0,0.0,0.0,0.0,0.0,0.0
10598417,0.0,0.0,0.0,0.0,0.0,0.0,0.0
10598408,0.0,0.0,0.0,0.0,0.0,0.0,0.0
10598519,0.0,0.0,0.0,0.0,0.0,0.0,0.0
10598534,0.0,0.0,0.0,0.0,0.0,0.0,0.0
10598522,0.0,0.0,0.0,0.0,0.0,0.0,0.0
10598526,0.0,0.0,0.0,0.0,0.0,0.0,0.0
10598595,0.0,0.0,0.0,0.0,0.0,0.0,0.0
10598602,0.0,0.0,0.0,0.0,0.0,0.0,0.0
10598644,0.0,0.0,0.0,0.0,0.0,0.0,0.0
10598645,0.0,0.0,0.0,0.0,0.0,0.0,0.0
10598659,0.0,0.0,0.0,0.0,0.0,0.0,0.0
10598698,0.0,0.0,0.0,0.0,0.0,0.0,0.0
10598707,0.0,0.0,0.0,0.0,0.0,0.0,0.0
10598701,0.0,0.0,0.0,0.0,0.0,0.0,0.0
10598708,0.0,0.0,0.0,0.0,0.0,0.0,0.0
10598713,0.0,0.0,0.0,0.0,0.0,0.0,0.0
10598724,0.0,0.0,0.0,0.0,0.0,0.0,0.0
10598720,0.0,0.0,0.0,0.0,0.0,0.0,0.0
10598758,0.0,0.0,0.0,0.0,0.0,0.0,-1.0
10598753,0.0,0.0,0.0,0.0,0.0,0.0,0.0
10598757,0.0,0.0,0.0,0.0,0.0,0.0,0.0
10598809,0.0,0.0,0.0,0.0,0.0,0.0,0.0
10598817,0.0,0.0,0.0,0.0,0.0,0.0,0.0
10598802,0.0,0.0,0.0,0.0,0.0,0.0,-1.0
10598812,0.0,0.0,0.0,0.0,0.0,0.0,-1.0
10598822,0.0,0.0,0.0,0.0,0.0,0.0,0.0
10598849,0.0,0.0,0.0,0.0,0.0,0.0,0.0
10598844,0.0,0.0,0.0,0.0,0.0,0.0,0.0
10598903,0.0,0.0,0.0,0.0,0.0,0.0,0.0
10598925,0.0,0.0,0.0,0.0,0.0,0.0,0.0
10598917,0.0,0.0,0.0,0.0,0.0,0.0,0.0
10598933,0.0,0.0,0.0,0.0,0.0,0.0,0.0
10598967,0.0,0.0,0.0,0.0,0.0,0.0,0.0
10598984,0.0,0.0,0.0,0.0,0.0,0.0,0.0
10599039,0.0,0.0,0.0,0.0,0.0,0.0,-1.0
10599097,0.0,0.0,0.0,0.0,0.0,0.0,0.0
10599144,0.0,0.0,0.0,0.0,0.0,0.0,0.0
10599164,0.0,0.0,0.0,0.0,0.0,0.0,0.0
10599192,0.0,0.0,0.0,0.0,0.0,0.0,-1.0
10599187,0.0,0.0,0.0,0.0,0.0,0.0,0.0
10599230,0.0,0.0,0.0,0.0,0.0,0.0,0.0
10599245,0.0,0.0,0.0,0.0,0.0,0.0,0.0
10599241,0.0,0.0,0.0,0.0,0.0,0.0,0.0
10599254,0.0,0.0,0.0,0.0,0.0,0.0,0.0
10599300,0.0,0.0,0.0,0.0,0.0,0.0,0.0
10599334,0.0,0.0,0.0,0.0,0.0,0.0,0.0
10599337,0.0,0.0,0.0,0.0,0.0,0.0,0.0
10599333,0.0,0.0,0.0,0.0,0.0,0.0,0.0
10599373,0.0,0.0,0.0,0.0,0.0,0.0,0.0
10599429,0.0,0.0,0.0,0.0,0.0,0.0,0.0
10599443,0.0,0.0,0.0,0.0,0.0,0.0,0.0
10599461,0.0,0.0,0.0,0.0,0.0,0.0,0.0
10599470,0.0,0.0,0.0,0.0,0.0,0.0,0.0
10599502,0.0,0.0,0.0,0.0,0.0,0.0,0.0
10599549,0.0,0.0,0.0,0.0,0.0,0.0,0.0
10599585,0.0,0.0,0.0,0.0,0.0,0.0,0.0
10599587,0.0,0.0,0.0,0.0,0.0,0.0,0.0
10599588,0.0,0.0,0.0,0.0,0.0,0.0,0.0
10599653,0.0,0.0,0.0,0.0,0.0,0.0,0.0
10599683,0.0,0.0,0.0,0.0,0.0,0.0,0.0
10599702,0.0,0.0,0.0,0.0,0.0,0.0,0.0
10599739,0.0,0.0,0.0,0.0,0.0,0.0,0.0
10599752,0.0,0.0,0.0,0.0,0.0,0.0,-1.0
10599795,0.0,0.0,0.0,0.0,0.0,0.0,0.0
10599823,0.0,0.0,0.0,0.0,0.0,0.0,0.0
10599834,0.0,0.0,0.0,0.0,0.0,0.0,0.0
10599827,0.0,0.0,0.0,0.0,0.0,0.0,0.0
10599837,0.0,0.0,0.0,0.0,0.0,0.0,0.0
10599839,0.0,0.0,0.0,0.0,0.0,0.0,0.0
10599847,0.0,0.0,0.0,0.0,0.0,0.0,0.0
10599895,0.0,0.0,0.0,0.0,0.0,0.0,0.0
10599940,0.0,0.0,0.0,0.0,0.0,0.0,0.0
10599952,0.0,0.0,0.0,0.0,0.0,0.0,0.0
10599966,0.0,0.0,0.0,0.0,0.0,0.0,0.0
10599971,0.0,0.0,0.0,0.0,0.0,0.0,0.0
11286017,0.0,0.0,0.0,0.0,0.0,0.0,0.0
11286043,0.0,0.0,0.0,0.0,0.0,0.0,0.0
11286097,0.0,0.0,0.0,0.0,0.0,0.0,0.0
11286126,0.0,0.0,0.0,0.0,0.0,0.0,0.0
11286145,0.0,0.0,0.0,0.0,0.0,0.0,0.0
11286172,0.0,0.0,0.0,0.0,0.0,0.0,0.0
11286169,0.0,0.0,0.0,0.0,0.0,0.0,0.0
11286152,0.0,0.0,0.0,0.0,0.0,0.0,0.0
11286213,0.0,0.0,0.0,0.0,0.0,0.0,0.0
11286231,0.0,0.0,0.0,0.0,0.0,0.0,0.0
11286268,0.0,0.0,0.0,0.0,0.0,0.0,0.0
11286267,0.0,0.0,0.0,0.0,0.0,0.0,0.0
11286276,0.0,0.0,0.0,0.0,0.0,0.0,0.0
11286266,0.0,0.0,0.0,0.0,0.0,0.0,0.0
11286319,0.0,0.0,0.0,0.0,0.0,0.0,0.0
11286329,0.0,0.0,0.0,0.0,0.0,0.0,0.0
11286336,0.0,0.0,0.0,0.0,0.0,0.0,0.0
11286349,0.0,0.0,0.0,0.0,0.0,0.0,0.0
11286343,0.0,0.0,0.0,0.0,0.0,0.0,0.0
11286348,0.0,0.0,0.0,0.0,0.0,0.0,0.0
11286403,0.0,0.0,0.0,0.0,0.0,0.0,-1.0
11286439,0.0,0.0,0.0,0.0,0.0,0.0,0.0
11286445,0.0,0.0,0.0,0.0,0.0,0.0,0.0
11286452,0.0,0.0,0.0,0.0,0.0,0.0,0.0
11286477,0.0,0.0,0.0,0.0,0.0,0.0,0.0
11286474,0.0,0.0,0.0,0.0,0.0,0.0,0.0
11286519,0.0,0.0,0.0,0.0,0.0,0.0,0.0
11286524,0.0,0.0,0.0,0.0,0.0,0.0,0.0
11286559,0.0,0.0,0.0,0.0,0.0,0.0,0.0
11286648,0.0,0.0,0.0,0.0,0.0,0.0,0.0
11286692,0.0,0.0,0.0,0.0,0.0,0.0,0.0
11286699,0.0,0.0,0.0,0.0,0.0,0.0,0.0
11286711,0.0,0.0,0.0,0.0,0.0,0.0,0.0
11286712,0.0,0.0,0.0,0.0,0.0,0.0,0.0
11286736,0.0,0.0,0.0,0.0,0.0,0.0,0.0
11286796,0.0,0.0,0.0,0.0,0.0,0.0,-1.0
11286799,0.0,0.0,0.0,0.0,0.0,0.0,0.0
11286819,0.0,0.0,0.0,0.0,0.0,0.0,0.0
11286831,0.0,0.0,0.0,0.0,0.0,0.0,0.0
11286853,0.0,0.0,0.0,0.0,0.0,0.0,-1.0
11286895,0.0,0.0,0.0,0.0,0.0,0.0,0.0
11286928,0.0,0.0,0.0,0.0,0.0,0.0,-1.0
11286951,0.0,0.0,0.0,0.0,0.0,0.0,0.0
11286967,0.0,0.0,0.0,0.0,0.0,0.0,0.0
11286984,0.0,0.0,0.0,0.0,0.0,0.0,0.0
10118015,0.0,0.0,0.0,0.0,0.0,0.0,-1.0
10118022,0.0,0.0,0.0,0.0,0.0,0.0,-1.0
10118062,0.0,0.0,0.0,0.0,0.0,0.0,0.0
10118067,0.0,0.0,0.0,0.0,0.0,0.0,0.0
10118083,0.0,0.0,0.0,0.0,0.0,0.0,0.0
10118103,0.0,0.0,0.0,0.0,0.0,0.0,0.0
10118195,0.0,0.0,0.0,0.0,0.0,0.0,0.0
10118199,0.0,0.0,0.0,0.0,0.0,0.0,0.0
10118241,0.0,0.0,0.0,0.0,0.0,0.0,0.0
10118262,0.0,0.0,0.0,0.0,0.0,0.0,0.0
10118285,0.0,0.0,0.0,0.0,0.0,0.0,0.0
10118327,0.0,0.0,0.0,0.0,0.0,0.0,0.0
10118382,0.0,0.0,0.0,0.0,0.0,0.0,0.0
10118454,0.0,0.0,0.0,0.0,0.0,0.0,0.0
10118487,0.0,0.0,0.0,0.0,0.0,0.0,0.0
10118495,0.0,0.0,0.0,0.0,0.0,0.0,0.0
10118504,0.0,0.0,0.0,0.0,0.0,0.0,-1.0
10118511,0.0,0.0,0.0,0.0,0.0,0.0,0.0
10118508,0.0,0.0,0.0,0.0,0.0,0.0,0.0
10118522,0.0,0.0,0.0,0.0,0.0,0.0,0.0
10118528,0.0,0.0,0.0,0.0,0.0,0.0,0.0
10118544,0.0,0.0,0.0,0.0,0.0,0.0,0.0
10118559,0.0,0.0,0.0,0.0,0.0,0.0,0.0
10118563,0.0,0.0,0.0,0.0,0.0,0.0,0.0
10118579,0.0,0.0,0.0,0.0,0.0,0.0,0.0
10118595,0.0,0.0,0.0,0.0,0.0,0.0,0.0
10118622,0.0,0.0,0.0,0.0,0.0,0.0,0.0
10118647,0.0,0.0,0.0,0.0,0.0,0.0,0.0
10118677,0.0,0.0,0.0,0.0,0.0,0.0,0.0
10118741,0.0,0.0,0.0,0.0,0.0,0.0,0.0
10118747,0.0,0.0,0.0,0.0,0.0,0.0,0.0
10118776,0.0,0.0,0.0,0.0,0.0,0.0,0.0
10118766,0.0,0.0,0.0,0.0,0.0,0.0,0.0
10118810,0.0,0.0,0.0,0.0,0.0,0.0,0.0
10118890,0.0,0.0,0.0,0.0,0.0,0.0,0.0
10118937,0.0,0.0,0.0,0.0,0.0,0.0,0.0
10118966,0.0,0.0,0.0,0.0,0.0,0.0,0.0
10119013,0.0,0.0,0.0,0.0,0.0,0.0,0.0
10119006,0.0,0.0,0.0,0.0,0.0,0.0,0.0
10119016,0.0,0.0,0.0,0.0,0.0,0.0,0.0
10119050,0.0,0.0,0.0,0.0,0.0,0.0,0.0
10119062,0.0,0.0,0.0,0.0,0.0,0.0,0.0
10119077,0.0,0.0,0.0,0.0,0.0,0.0,0.0
10119122,0.0,0.0,0.0,0.0,0.0,0.0,0.0
10119153,0.0,0.0,0.0,0.0,0.0,0.0,0.0
10119170,0.0,0.0,0.0,0.0,0.0,0.0,0.0
10119186,0.0,0.0,0.0,0.0,0.0,0.0,0.0
10119210,0.0,0.0,0.0,0.0,0.0,0.0,0.0
10119274,0.0,0.0,0.0,0.0,0.0,0.0,-1.0
10119282,0.0,0.0,0.0,0.0,0.0,0.0,0.0
10119291,0.0,0.0,0.0,0.0,0.0,0.0,0.0
10119287,0.0,0.0,0.0,0.0,0.0,0.0,0.0
10119347,0.0,0.0,0.0,0.0,0.0,0.0,0.0
10119374,0.0,0.0,0.0,0.0,0.0,0.0,0.0
10119375,0.0,0.0,0.0,0.0,0.0,0.0,0.0
10119367,0.0,0.0,0.0,0.0,0.0,0.0,0.0
10119388,0.0,0.0,0.0,0.0,0.0,0.0,0.0
10119405,0.0,0.0,0.0,0.0,0.0,0.0,0.0
10119445,0.0,0.0,0.0,0.0,0.0,0.0,0.0
10119530,0.0,0.0,0.0,0.0,0.0,0.0,0.0
10119571,0.0,0.0,0.0,0.0,0.0,0.0,0.0
10119581,0.0,0.0,0.0,0.0,0.0,0.0,0.0
10119597,0.0,0.0,0.0,0.0,0.0,0.0,0.0
10119604,0.0,0.0,0.0,0.0,0.0,0.0,0.0
10119621,0.0,0.0,0.0,0.0,0.0,0.0,0.0
10119635,0.0,0.0,0.0,0.0,0.0,0.0,0.0
10119652,0.0,0.0,0.0,0.0,0.0,0.0,0.0
10119664,0.0,0.0,0.0,0.0,0.0,0.0,0.0
10119674,0.0,0.0,0.0,0.0,0.0,0.0,-1.0
10119683,0.0,0.0,0.0,0.0,0.0,0.0,0.0
10119724,0.0,0.0,0.0,0.0,0.0,0.0,0.0
10119722,0.0,0.0,0.0,0.0,0.0,0.0,0.0
10119744,0.0,0.0,0.0,0.0,0.0,0.0,0.0
10119747,0.0,0.0,0.0,0.0,0.0,0.0,0.0
10119757,0.0,0.0,0.0,0.0,0.0,0.0,0.0
10119831,0.0,0.0,0.0,0.0,0.0,0.0,0.0
10119837,0.0,0.0,0.0,0.0,0.0,0.0,0.0
10119859,0.0,0.0,0.0,0.0,0.0,0.0,0.0
10119864,0.0,0.0,0.0,0.0,0.0,0.0,0.0
10119865,0.0,0.0,0.0,0.0,0.0,0.0,0.0
10119895,0.0,0.0,0.0,0.0,0.0,0.0,-1.0
10119904,0.0,0.0,0.0,0.0,0.0,0.0,0.0
10119906,0.0,0.0,0.0,0.0,0.0,0.0,0.0
10119926,0.0,0.0,0.0,0.0,0.0,0.0,0.0
10119945,0.0,0.0,0.0,0.0,0.0,0.0,0.0
10119958,0.0,0.0,0.0,0.0,0.0,0.0,0.0
10600002,0.0,0.0,0.0,0.0,0.0,0.0,0.0
10600031,0.0,0.0,0.0,0.0,0.0,0.0,0.0
10600054,0.0,0.0,0.0,0.0,0.0,0.0,0.0
10600053,0.0,0.0,0.0,0.0,0.0,0.0,0.0
10600063,0.0,0.0,0.0,0.0,0.0,0.0,0.0
10600055,0.0,0.0,0.0,0.0,0.0,0.0,0.0
10600101,0.0,0.0,0.0,0.0,0.0,0.0,0.0
10600106,0.0,0.0,0.0,0.0,0.0,0.0,0.0
10600121,0.0,0.0,0.0,0.0,0.0,0.0,0.0
10600160,0.0,0.0,0.0,0.0,0.0,0.0,0.0
10600167,0.0,0.0,0.0,0.0,0.0,0.0,0.0
10600192,0.0,0.0,0.0,0.0,0.0,0.0,0.0
10600248,0.0,0.0,0.0,0.0,0.0,0.0,0.0
10600247,0.0,0.0,0.0,0.0,0.0,0.0,0.0
10600265,0.0,0.0,0.0,0.0,0.0,0.0,0.0
10600258,0.0,0.0,0.0,0.0,0.0,0.0,0.0
10600323,0.0,0.0,0.0,0.0,0.0,0.0,0.0
10600340,0.0,0.0,0.0,0.0,0.0,0.0,0.0
10600378,0.0,0.0,0.0,0.0,0.0,0.0,0.0
10600397,0.0,0.0,0.0,0.0,0.0,0.0,0.0
10600405,0.0,0.0,0.0,0.0,0.0,0.0,0.0
10600415,0.0,0.0,0.0,0.0,0.0,0.0,0.0
10600429,0.0,0.0,0.0,0.0,0.0,0.0,0.0
10600457,0.0,0.0,0.0,0.0,0.0,0.0,0.0
10600475,0.0,0.0,0.0,0.0,0.0,0.0,-1.0
10600484,0.0,0.0,0.0,0.0,0.0,0.0,0.0
10600481,0.0,0.0,0.0,0.0,0.0,0.0,0.0
10600509,0.0,0.0,0.0,0.0,0.0,0.0,0.0
10600527,0.0,0.0,0.0,0.0,0.0,0.0,0.0
10600535,0.0,0.0,0.0,0.0,0.0,0.0,0.0
10600539,0.0,0.0,0.0,0.0,0.0,0.0,0.0
10600552,0.0,0.0,0.0,0.0,0.0,0.0,0.0
10600589,0.0,0.0,0.0,0.0,0.0,0.0,0.0
10600606,0.0,0.0,0.0,0.0,0.0,0.0,0.0
10600630,0.0,0.0,0.0,0.0,0.0,0.0,0.0
10600713,0.0,0.0,0.0,0.0,0.0,0.0,0.0
10600705,0.0,0.0,0.0,0.0,0.0,0.0,0.0
10600720,0.0,0.0,0.0,0.0,0.0,0.0,0.0
10600744,0.0,0.0,0.0,0.0,0.0,0.0,0.0
10600757,0.0,0.0,0.0,0.0,0.0,0.0,0.0
10600767,0.0,0.0,0.0,0.0,0.0,0.0,0.0
10600818,0.0,0.0,0.0,0.0,0.0,0.0,0.0
10600813,0.0,0.0,0.0,0.0,0.0,0.0,-1.0
10600856,0.0,0.0,0.0,0.0,0.0,0.0,0.0
10600843,0.0,0.0,0.0,0.0,0.0,0.0,-1.0
10600864,0.0,0.0,0.0,0.0,0.0,0.0,0.0
10600861,0.0,0.0,0.0,0.0,0.0,0.0,0.0
10600886,0.0,0.0,0.0,0.0,0.0,0.0,0.0
10600904,0.0,0.0,0.0,0.0,0.0,0.0,0.0
10600926,0.0,0.0,0.0,0.0,0.0,0.0,-1.0
10600921,0.0,0.0,0.0,0.0,0.0,0.0,-1.0
10912014,0.0,0.0,0.0,0.0,0.0,0.0,0.0
10912030,0.0,0.0,0.0,0.0,0.0,0.0,0.0
10912092,0.0,0.0,0.0,0.0,0.0,0.0,0.0
10912123,0.0,0.0,0.0,0.0,0.0,0.0,0.0
10912113,0.0,0.0,0.0,0.0,0.0,0.0,0.0
10912135,0.0,0.0,0.0,0.0,0.0,0.0,0.0
10912125,0.0,0.0,0.0,0.0,0.0,0.0,0.0
10912159,0.0,0.0,0.0,0.0,0.0,0.0,0.0
10912150,0.0,0.0,0.0,0.0,0.0,0.0,0.0
10912204,0.0,0.0,0.0,0.0,0.0,0.0,0.0
10912198,0.0,0.0,0.0,0.0,0.0,0.0,0.0
10912215,0.0,0.0,0.0,0.0,0.0,0.0,0.0
10912306,0.0,0.0,0.0,0.0,0.0,0.0,0.0
10912329,0.0,0.0,0.0,0.0,0.0,0.0,0.0
10912333,0.0,0.0,0.0,0.0,0.0,0.0,0.0
10912353,0.0,0.0,0.0,0.0,0.0,0.0,-1.0
10912381,0.0,0.0,0.0,0.0,0.0,0.0,0.0
10912389,0.0,0.0,0.0,0.0,0.0,0.0,0.0
10912412,0.0,0.0,0.0,0.0,0.0,0.0,-1.0
10912413,0.0,0.0,0.0,0.0,0.0,0.0,0.0
10912422,0.0,0.0,0.0,0.0,0.0,0.0,0.0
10912430,0.0,0.0,0.0,0.0,0.0,0.0,0.0
10912461,0.0,0.0,0.0,0.0,0.0,0.0,0.0
10912483,0.0,0.0,0.0,0.0,0.0,0.0,0.0
10912494,0.0,0.0,0.0,0.0,0.0,0.0,0.0
10912518,0.0,0.0,0.0,0.0,0.0,0.0,-1.0
10912529,0.0,0.0,0.0,0.0,0.0,0.0,0.0
10912543,0.0,0.0,0.0,0.0,0.0,0.0,-1.0
10912546,0.0,0.0,0.0,0.0,0.0,0.0,0.0
10912571,0.0,0.0,0.0,0.0,0.0,0.0,0.0
10912578,0.0,0.0,0.0,0.0,0.0,0.0,0.0
10912586,0.0,0.0,0.0,0.0,0.0,0.0,0.0
10912631,0.0,0.0,0.0,0.0,0.0,0.0,0.0
10912633,0.0,0.0,0.0,0.0,0.0,0.0,-1.0
10912645,0.0,0.0,0.0,0.0,0.0,0.0,0.0
10912666,0.0,0.0,0.0,0.0,0.0,0.0,0.0
10912731,0.0,0.0,0.0,0.0,0.0,0.0,0.0
10912799,0.0,0.0,0.0,0.0,0.0,0.0,0.0
10912846,0.0,0.0,0.0,0.0,0.0,0.0,0.0
10912842,0.0,0.0,0.0,0.0,0.0,0.0,0.0
10912848,0.0,0.0,0.0,0.0,0.0,0.0,0.0
10912867,0.0,0.0,0.0,0.0,0.0,0.0,0.0
10912872,0.0,0.0,0.0,0.0,0.0,0.0,0.0
10912863,0.0,0.0,0.0,0.0,0.0,0.0,0.0
10912879,0.0,0.0,0.0,0.0,0.0,0.0,0.0
10912878,0.0,0.0,0.0,0.0,0.0,0.0,0.0
10912889,0.0,0.0,0.0,0.0,0.0,0.0,0.0
10912970,0.0,0.0,0.0,0.0,0.0,0.0,0.0
10912983,0.0,0.0,0.0,0.0,0.0,0.0,0.0
10912992,0.0,0.0,0.0,0.0,0.0,0.0,0.0
1063015,0.0,0.0,0.0,0.0,0.0,0.0,0.0
1063001,0.0,0.0,0.0,0.0,0.0,0.0,0.0
1063019,0.0,0.0,0.0,0.0,0.0,0.0,0.0
1063050,0.0,0.0,0.0,0.0,0.0,0.0,0.0
1063080,0.0,0.0,0.0,0.0,0.0,0.0,-1.0
1063078,0.0,0.0,0.0,0.0,0.0,0.0,0.0
1063104,0.0,0.0,0.0,0.0,0.0,0.0,0.0
1063123,0.0,0.0,0.0,0.0,0.0,0.0,0.0
1063136,0.0,0.0,0.0,0.0,0.0,0.0,-1.0
1063158,0.0,0.0,0.0,0.0,0.0,0.0,0.0
1063171,0.0,0.0,0.0,0.0,0.0,0.0,0.0
1063235,0.0,0.0,0.0,0.0,0.0,0.0,0.0
1063272,0.0,0.0,0.0,0.0,0.0,0.0,0.0
1063281,0.0,0.0,0.0,0.0,0.0,0.0,-1.0
1063271,0.0,0.0,0.0,0.0,0.0,0.0,0.0
1063300,0.0,0.0,0.0,0.0,0.0,0.0,0.0
1063313,0.0,0.0,0.0,0.0,0.0,0.0,0.0
1063312,0.0,0.0,0.0,0.0,0.0,0.0,0.0
1063344,0.0,0.0,0.0,0.0,0.0,0.0,0.0
1063343,0.0,0.0,0.0,0.0,0.0,0.0,0.0
1063379,0.0,0.0,0.0,0.0,0.0,0.0,0.0
1063370,0.0,0.0,0.0,0.0,0.0,0.0,0.0
1063386,0.0,0.0,0.0,0.0,0.0,0.0,0.0
1063382,0.0,0.0,0.0,0.0,0.0,0.0,0.0
1063399,0.0,0.0,0.0,0.0,0.0,0.0,0.0
1063405,0.0,0.0,0.0,0.0,0.0,0.0,0.0
1063418,0.0,0.0,0.0,0.0,0.0,0.0,0.0
1063473,0.0,0.0,0.0,0.0,0.0,0.0,0.0
1063479,0.0,0.0,0.0,0.0,0.0,0.0,0.0
1063489,0.0,0.0,0.0,0.0,0.0,0.0,0.0
1063534,0.0,0.0,0.0,0.0,0.0,0.0,-1.0
1063540,0.0,0.0,0.0,0.0,0.0,0.0,0.0
1063554,0.0,0.0,0.0,0.0,0.0,0.0,0.0
1063564,0.0,0.0,0.0,0.0,0.0,0.0,0.0
1063647,0.0,0.0,0.0,0.0,0.0,0.0,0.0
1063666,0.0,0.0,0.0,0.0,0.0,0.0,0.0
1063681,0.0,0.0,0.0,0.0,0.0,0.0,0.0
1063678,0.0,0.0,0.0,0.0,0.0,0.0,0.0
1063695,0.0,0.0,0.0,0.0,0.0,0.0,0.0
1063715,0.0,0.0,0.0,0.0,0.0,0.0,0.0
1063789,0.0,0.0,0.0,0.0,0.0,0.0,0.0
1063788,0.0,0.0,0.0,0.0,0.0,0.0,0.0
1063785,0.0,0.0,0.0,0.0,0.0,0.0,0.0
1063795,0.0,0.0,0.0,0.0,0.0,0.0,0.0
1063810,0.0,0.0,0.0,0.0,0.0,0.0,0.0
1063835,0.0,0.0,0.0,0.0,0.0,0.0,0.0
1063849,0.0,0.0,0.0,0.0,0.0,0.0,0.0
1063960,0.0,0.0,0.0,0.0,0.0,0.0,0.0
1063993,0.0,0.0,0.0,0.0,0.0,0.0,0.0
1454024,0.0,0.0,0.0,0.0,0.0,0.0,0.0
1454054,0.0,0.0,0.0,0.0,0.0,0.0,0.0
1454128,0.0,0.0,0.0,0.0,0.0,0.0,0.0
1454144,0.0,0.0,0.0,0.0,0.0,0.0,0.0
1454154,0.0,0.0,0.0,0.0,0.0,0.0,-1.0
1454161,0.0,0.0,0.0,0.0,0.0,0.0,-1.0
1454204,0.0,0.0,0.0,0.0,0.0,0.0,0.0
1454198,0.0,0.0,0.0,0.0,0.0,0.0,0.0
1454221,0.0,0.0,0.0,0.0,0.0,0.0,0.0
1454266,0.0,0.0,0.0,0.0,0.0,0.0,0.0
1454282,0.0,0.0,0.0,0.0,0.0,0.0,0.0
1454290,0.0,0.0,0.0,0.0,0.0,0.0,0.0
1454302,0.0,0.0,0.0,0.0,0.0,0.0,0.0
1454308,0.0,0.0,0.0,0.0,0.0,0.0,0.0
1454371,0.0,0.0,0.0,0.0,0.0,0.0,0.0
1454417,0.0,0.0,0.0,0.0,0.0,0.0,0.0
1454446,0.0,0.0,0.0,0.0,0.0,0.0,0.0
1454491,0.0,0.0,0.0,0.0,0.0,0.0,0.0
1454498,0.0,0.0,0.0,0.0,0.0,0.0,-1.0
1454505,0.0,0.0,0.0,0.0,0.0,0.0,0.0
1454524,0.0,0.0,0.0,0.0,0.0,0.0,0.0
1454586,0.0,0.0,0.0,0.0,0.0,0.0,0.0
1454575,0.0,0.0,0.0,0.0,0.0,0.0,0.0
1454608,0.0,0.0,0.0,0.0,0.0,0.0,0.0
1454615,0.0,0.0,0.0,0.0,0.0,0.0,0.0
1454640,0.0,0.0,0.0,0.0,0.0,0.0,0.0
1454659,0.0,0.0,0.0,0.0,0.0,0.0,0.0
1454687,0.0,0.0,0.0,0.0,0.0,0.0,-1.0
1454685,0.0,0.0,0.0,0.0,0.0,0.0,0.0
1454703,0.0,0.0,0.0,0.0,0.0,0.0,0.0
1454706,0.0,0.0,0.0,0.0,0.0,0.0,0.0
1454723,0.0,0.0,0.0,0.0,0.0,0.0,0.0
1454763,0.0,0.0,0.0,0.0,0.0,0.0,0.0
1454758,0.0,0.0,0.0,0.0,0.0,0.0,0.0
1454775,0.0,0.0,0.0,0.0,0.0,0.0,0.0
1454822,0.0,0.0,0.0,0.0,0.0,0.0,-1.0
1454816,0.0,0.0,0.0,0.0,0.0,0.0,0.0
1454837,0.0,0.0,0.0,0.0,0.0,0.0,0.0
1454842,0.0,0.0,0.0,0.0,0.0,0.0,0.0
1454879,0.0,0.0,0.0,0.0,0.0,0.0,0.0
1454914,0.0,0.0,0.0,0.0,0.0,0.0,0.0
1454902,0.0,0.0,0.0,0.0,0.0,0.0,-1.0
1454941,0.0,0.0,0.0,0.0,0.0,0.0,0.0
1454962,0.0,0.0,0.0,0.0,0.0,0.0,0.0
1454968,0.0,0.0,0.0,0.0,0.0,0.0,0.0
1448014,0.0,0.0,0.0,0.0,0.0,0.0,0.0
1448131,0.0,0.0,0.0,0.0,0.0,0.0,0.0
1448135,0.0,0.0,0.0,0.0,0.0,0.0,0.0
1448151,0.0,0.0,0.0,0.0,0.0,0.0,-1.0
1448157,0.0,0.0,0.0,0.0,0.0,0.0,0.0
1448153,0.0,0.0,0.0,0.0,0.0,0.0,0.0
1448163,0.0,0.0,0.0,0.0,0.0,0.0,0.0
1448164,0.0,0.0,0.0,0.0,0.0,0.0,0.0
1448174,0.0,0.0,0.0,0.0,0.0,0.0,0.0
1448225,0.0,0.0,0.0,0.0,0.0,0.0,0.0
1448252,0.0,0.0,0.0,0.0,0.0,0.0,0.0
1448283,0.0,0.0,0.0,0.0,0.0,0.0,0.0
1448303,0.0,0.0,0.0,0.0,0.0,0.0,0.0
1448300,0.0,0.0,0.0,0.0,0.0,0.0,0.0
1448302,0.0,0.0,0.0,0.0,0.0,0.0,0.0
1448343,0.0,0.0,0.0,0.0,0.0,0.0,-1.0
1448349,0.0,0.0,0.0,0.0,0.0,0.0,0.0
1448357,0.0,0.0,0.0,0.0,0.0,0.0,0.0
1448461,0.0,0.0,0.0,0.0,0.0,0.0,0.0
1448457,0.0,0.0,0.0,0.0,0.0,0.0,0.0
1448474,0.0,0.0,0.0,0.0,0.0,0.0,0.0
1448482,0.0,0.0,0.0,0.0,0.0,0.0,0.0
1448491,0.0,0.0,0.0,0.0,0.0,0.0,0.0
1448507,0.0,0.0,0.0,0.0,0.0,0.0,0.0
1448540,0.0,0.0,0.0,0.0,0.0,0.0,0.0
1448560,0.0,0.0,0.0,0.0,0.0,0.0,0.0
1448547,0.0,0.0,0.0,0.0,0.0,0.0,0.0
1448553,0.0,0.0,0.0,0.0,0.0,0.0,0.0
1448608,0.0,0.0,0.0,0.0,0.0,0.0,0.0
1448613,0.0,0.0,0.0,0.0,0.0,0.0,0.0
1448623,0.0,0.0,0.0,0.0,0.0,0.0,0.0
1448655,0.0,0.0,0.0,0.0,0.0,0.0,0.0
1448661,0.0,0.0,0.0,0.0,0.0,0.0,0.0
1448702,0.0,0.0,0.0,0.0,0.0,0.0,0.0
1448695,0.0,0.0,0.0,0.0,0.0,0.0,0.0
1448712,0.0,0.0,0.0,0.0,0.0,0.0,0.0
1448698,0.0,0.0,0.0,0.0,0.0,0.0,0.0
1448719,0.0,0.0,0.0,0.0,0.0,0.0,-1.0
1448743,0.0,0.0,0.0,0.0,0.0,0.0,0.0
1448751,0.0,0.0,0.0,0.0,0.0,0.0,0.0
1448756,0.0,0.0,0.0,0.0,0.0,0.0,0.0
1448778,0.0,0.0,0.0,0.0,0.0,0.0,0.0
1448801,0.0,0.0,0.0,0.0,0.0,0.0,0.0
1448799,0.0,0.0,0.0,0.0,0.0,0.0,0.0
1448804,0.0,0.0,0.0,0.0,0.0,0.0,0.0
1448812,0.0,0.0,0.0,0.0,0.0,0.0,0.0
1448822,0.0,0.0,0.0,0.0,0.0,0.0,0.0
1448857,0.0,0.0,0.0,0.0,0.0,0.0,0.0
1448858,0.0,0.0,0.0,0.0,0.0,0.0,0.0
1448878,0.0,0.0,0.0,0.0,0.0,0.0,0.0
1448866,0.0,0.0,0.0,0.0,0.0,0.0,0.0
1448902,0.0,0.0,0.0,0.0,0.0,0.0,0.0
1448906,0.0,0.0,0.0,0.0,0.0,0.0,0.0
1448926,0.0,0.0,0.0,0.0,0.0,0.0,0.0
1448933,0.0,0.0,0.0,0.0,0.0,0.0,0.0
1448964,0.0,0.0,0.0,0.0,0.0,0.0,0.0
1448963,0.0,0.0,0.0,0.0,0.0,0.0,0.0
1448987,0.0,0.0,0.0,0.0,0.0,0.0,0.0
1448989,0.0,0.0,0.0,0.0,0.0,0.0,0.0
1449012,0.0,0.0,0.0,0.0,0.0,0.0,0.0
1449021,0.0,0.0,0.0,0.0,0.0,0.0,0.0
1449031,0.0,0.0,0.0,0.0,0.0,0.0,0.0
1449060,0.0,0.0,0.0,0.0,0.0,0.0,0.0
1449073,0.0,0.0,0.0,0.0,0.0,0.0,0.0
1449114,0.0,0.0,0.0,0.0,0.0,0.0,0.0
1449132,0.0,0.0,0.0,0.0,0.0,0.0,0.0
1449199,0.0,0.0,0.0,0.0,0.0,0.0,0.0
1449251,0.0,0.0,0.0,0.0,0.0,0.0,0.0
1449357,0.0,0.0,0.0,0.0,0.0,0.0,0.0
1449372,0.0,0.0,0.0,0.0,0.0,0.0,0.0
1449365,0.0,0.0,0.0,0.0,0.0,0.0,0.0
1449386,0.0,0.0,0.0,0.0,0.0,0.0,0.0
1449392,0.0,0.0,0.0,0.0,0.0,0.0,0.0
1449434,0.0,0.0,0.0,0.0,0.0,0.0,0.0
1449443,0.0,0.0,0.0,0.0,0.0,0.0,0.0
1449492,0.0,0.0,0.0,0.0,0.0,0.0,0.0
1449558,0.0,0.0,0.0,0.0,0.0,0.0,0.0
1449609,0.0,0.0,0.0,0.0,0.0,0.0,0.0
1449603,0.0,0.0,0.0,0.0,0.0,0.0,0.0
1449602,0.0,0.0,0.0,0.0,0.0,0.0,0.0
1449614,0.0,0.0,0.0,0.0,0.0,0.0,0.0
1449631,0.0,0.0,0.0,0.0,0.0,0.0,0.0
1449659,0.0,0.0,0.0,0.0,0.0,0.0,0.0
1449674,0.0,0.0,0.0,0.0,0.0,0.0,0.0
1449681,0.0,0.0,0.0,0.0,0.0,0.0,0.0
1449696,0.0,0.0,0.0,0.0,0.0,0.0,0.0
1449703,0.0,0.0,0.0,0.0,0.0,0.0,0.0
1449720,0.0,0.0,0.0,0.0,0.0,0.0,0.0
1449714,0.0,0.0,0.0,0.0,0.0,0.0,0.0
1449754,0.0,0.0,0.0,0.0,0.0,0.0,0.0
1449758,0.0,0.0,0.0,0.0,0.0,0.0,0.0
1449827,0.0,0.0,0.0,0.0,0.0,0.0,0.0
1449828,0.0,0.0,0.0,0.0,0.0,0.0,0.0
1449848,0.0,0.0,0.0,0.0,0.0,0.0,0.0
1449849,0.0,0.0,0.0,0.0,0.0,0.0,0.0
1449867,0.0,0.0,0.0,0.0,0.0,0.0,-1.0
1449921,0.0,0.0,0.0,0.0,0.0,0.0,-1.0
1449970,0.0,0.0,0.0,0.0,0.0,0.0,-1.0
1449976,0.0,0.0,0.0,0.0,0.0,0.0,0.0
1482002,0.0,0.0,0.0,0.0,0.0,0.0,0.0
1482021,0.0,0.0,0.0,0.0,0.0,0.0,0.0
1482034,0.0,0.0,0.0,0.0,0.0,0.0,0.0
1482040,0.0,0.0,0.0,0.0,0.0,0.0,0.0
1482069,0.0,0.0,0.0,0.0,0.0,0.0,0.0
1482119,0.0,0.0,0.0,0.0,0.0,0.0,0.0
1482133,0.0,0.0,0.0,0.0,0.0,0.0,0.0
1482152,0.0,0.0,0.0,0.0,0.0,0.0,0.0
1482169,0.0,0.0,0.0,0.0,0.0,0.0,0.0
1482193,0.0,0.0,0.0,0.0,0.0,0.0,0.0
1482175,0.0,0.0,0.0,0.0,0.0,0.0,0.0
1482192,0.0,0.0,0.0,0.0,0.0,0.0,0.0
1482179,0.0,0.0,0.0,0.0,0.0,0.0,0.0
1482236,0.0,0.0,0.0,0.0,0.0,0.0,0.0
1482252,0.0,0.0,0.0,0.0,0.0,0.0,0.0
1482278,0.0,0.0,0.0,0.0,0.0,0.0,0.0
1482286,0.0,0.0,0.0,0.0,0.0,0.0,0.0
1482315,0.0,0.0,0.0,0.0,0.0,0.0,0.0
1482330,0.0,0.0,0.0,0.0,0.0,0.0,0.0
1482356,0.0,0.0,0.0,0.0,0.0,0.0,0.0
1482380,0.0,0.0,0.0,0.0,0.0,0.0,-1.0
1482529,0.0,0.0,0.0,0.0,0.0,0.0,0.0
1482531,0.0,0.0,0.0,0.0,0.0,0.0,0.0
1482545,0.0,0.0,0.0,0.0,0.0,0.0,0.0
1482564,0.0,0.0,0.0,0.0,0.0,0.0,0.0
1482578,0.0,0.0,0.0,0.0,0.0,0.0,-1.0
1482613,0.0,0.0,0.0,0.0,0.0,0.0,0.0
1482633,0.0,0.0,0.0,0.0,0.0,0.0,0.0
1482661,0.0,0.0,0.0,0.0,0.0,0.0,0.0
1482688,0.0,0.0,0.0,0.0,0.0,0.0,0.0
1482682,0.0,0.0,0.0,0.0,0.0,0.0,0.0
1482697,0.0,0.0,0.0,0.0,0.0,0.0,0.0
1482702,0.0,0.0,0.0,0.0,0.0,0.0,0.0
1482716,0.0,0.0,0.0,0.0,0.0,0.0,0.0
1482741,0.0,0.0,0.0,0.0,0.0,0.0,0.0
1482780,0.0,0.0,0.0,0.0,0.0,0.0,0.0
1482895,0.0,0.0,0.0,0.0,0.0,0.0,0.0
1482935,0.0,0.0,0.0,0.0,0.0,0.0,0.0
1482946,0.0,0.0,0.0,0.0,0.0,0.0,0.0
1482944,0.0,0.0,0.0,0.0,0.0,0.0,0.0
1482949,0.0,0.0,0.0,0.0,0.0,0.0,0.0
1482940,0.0,0.0,0.0,0.0,0.0,0.0,-1.0
1483020,0.0,0.0,0.0,0.0,0.0,0.0,0.0
1483052,0.0,0.0,0.0,0.0,0.0,0.0,0.0
1483083,0.0,0.0,0.0,0.0,0.0,0.0,0.0
1483107,0.0,0.0,0.0,0.0,0.0,0.0,0.0
1483119,0.0,0.0,0.0,0.0,0.0,0.0,0.0
1483126,0.0,0.0,0.0,0.0,0.0,0.0,0.0
1483133,0.0,0.0,0.0,0.0,0.0,0.0,0.0
1483195,0.0,0.0,0.0,0.0,0.0,0.0,0.0
1483206,0.0,0.0,0.0,0.0,0.0,0.0,0.0
1483225,0.0,0.0,0.0,0.0,0.0,0.0,-1.0
1483242,0.0,0.0,0.0,0.0,0.0,0.0,0.0
1483335,0.0,0.0,0.0,0.0,0.0,0.0,0.0
1483325,0.0,0.0,0.0,0.0,0.0,0.0,0.0
1483320,0.0,0.0,0.0,0.0,0.0,0.0,0.0
1483351,0.0,0.0,0.0,0.0,0.0,0.0,0.0
1483357,0.0,0.0,0.0,0.0,0.0,0.0,0.0
1483380,0.0,0.0,0.0,0.0,0.0,0.0,0.0
1483385,0.0,0.0,0.0,0.0,0.0,0.0,0.0
1483426,0.0,0.0,0.0,0.0,0.0,0.0,0.0
1483441,0.0,0.0,0.0,0.0,0.0,0.0,-1.0
1483500,0.0,0.0,0.0,0.0,0.0,0.0,0.0
1483504,0.0,0.0,0.0,0.0,0.0,0.0,0.0
1483527,0.0,0.0,0.0,0.0,0.0,0.0,0.0
1483551,0.0,0.0,0.0,0.0,0.0,0.0,0.0
1483550,0.0,0.0,0.0,0.0,0.0,0.0,0.0
1483562,0.0,0.0,0.0,0.0,0.0,0.0,0.0
1483604,0.0,0.0,0.0,0.0,0.0,0.0,0.0
1483621,0.0,0.0,0.0,0.0,0.0,0.0,0.0
1483681,0.0,0.0,0.0,0.0,0.0,0.0,0.0
1483709,0.0,0.0,0.0,0.0,0.0,0.0,0.0
1483703,0.0,0.0,0.0,0.0,0.0,0.0,0.0
1483726,0.0,0.0,0.0,0.0,0.0,0.0,0.0
1483728,0.0,0.0,0.0,0.0,0.0,0.0,0.0
1483740,0.0,0.0,0.0,0.0,0.0,0.0,0.0
1483736,0.0,0.0,0.0,0.0,0.0,0.0,0.0
1483748,0.0,0.0,0.0,0.0,0.0,0.0,0.0
1483747,0.0,0.0,0.0,0.0,0.0,0.0,0.0
1483765,0.0,0.0,0.0,0.0,0.0,0.0,0.0
1483811,0.0,0.0,0.0,0.0,0.0,0.0,0.0
1483821,0.0,0.0,0.0,0.0,0.0,0.0,0.0
1483804,0.0,0.0,0.0,0.0,0.0,0.0,0.0
1483848,0.0,0.0,0.0,0.0,0.0,0.0,0.0
1483874,0.0,0.0,0.0,0.0,0.0,0.0,0.0
1483914,0.0,0.0,0.0,0.0,0.0,0.0,0.0
1483936,0.0,0.0,0.0,0.0,0.0,0.0,0.0
1483950,0.0,0.0,0.0,0.0,0.0,0.0,0.0
1483970,0.0,0.0,0.0,0.0,0.0,0.0,-1.0
1483982,0.0,0.0,0.0,0.0,0.0,0.0,0.0
1483996,0.0,0.0,0.0,0.0,0.0,0.0,0.0
1232040,0.0,0.0,0.0,0.0,0.0,0.0,0.0
1232044,0.0,0.0,0.0,0.0,0.0,0.0,0.0
1232071,0.0,0.0,0.0,0.0,0.0,0.0,0.0
1232092,0.0,0.0,0.0,0.0,0.0,0.0,0.0
1232093,0.0,0.0,0.0,0.0,0.0,0.0,0.0
1232129,0.0,0.0,0.0,0.0,0.0,0.0,0.0
1232131,0.0,0.0,0.0,0.0,0.0,0.0,0.0
1232158,0.0,0.0,0.0,0.0,0.0,0.0,-1.0
1232169,0.0,0.0,0.0,0.0,0.0,0.0,0.0
1232176,0.0,0.0,0.0,0.0,0.0,0.0,0.0
1232210,0.0,0.0,0.0,0.0,0.0,0.0,0.0
1232213,0.0,0.0,0.0,0.0,0.0,0.0,0.0
1232275,0.0,0.0,0.0,0.0,0.0,0.0,0.0
1232320,0.0,0.0,0.0,0.0,0.0,0.0,0.0
1232347,0.0,0.0,0.0,0.0,0.0,0.0,0.0
1232348,0.0,0.0,0.0,0.0,0.0,0.0,-1.0
1232373,0.0,0.0,0.0,0.0,0.0,0.0,0.0
1232454,0.0,0.0,0.0,0.0,0.0,0.0,0.0
1232452,0.0,0.0,0.0,0.0,0.0,0.0,0.0
1232474,0.0,0.0,0.0,0.0,0.0,0.0,0.0
1232479,0.0,0.0,0.0,0.0,0.0,0.0,0.0
1232486,0.0,0.0,0.0,0.0,0.0,0.0,0.0
1232542,0.0,0.0,0.0,0.0,0.0,0.0,0.0
1232672,0.0,0.0,0.0,0.0,0.0,0.0,0.0
1232694,0.0,0.0,0.0,0.0,0.0,0.0,0.0
1232691,0.0,0.0,0.0,0.0,0.0,0.0,0.0
1232681,0.0,0.0,0.0,0.0,0.0,0.0,0.0
1232695,0.0,0.0,0.0,0.0,0.0,0.0,0.0
1232697,0.0,0.0,0.0,0.0,0.0,0.0,-1.0
1232822,0.0,0.0,0.0,0.0,0.0,0.0,0.0
1232870,0.0,0.0,0.0,0.0,0.0,0.0,0.0
1232876,0.0,0.0,0.0,0.0,0.0,0.0,0.0
1232882,0.0,0.0,0.0,0.0,0.0,0.0,0.0
1232899,0.0,0.0,0.0,0.0,0.0,0.0,0.0
1232939,0.0,0.0,0.0,0.0,0.0,0.0,0.0
1232964,0.0,0.0,0.0,0.0,0.0,0.0,0.0
1232996,0.0,0.0,0.0,0.0,0.0,0.0,-1.0
1233059,0.0,0.0,0.0,0.0,0.0,0.0,0.0
1233063,0.0,0.0,0.0,0.0,0.0,0.0,0.0
1233096,0.0,0.0,0.0,0.0,0.0,0.0,0.0
1233099,0.0,0.0,0.0,0.0,0.0,0.0,0.0
1233105,0.0,0.0,0.0,0.0,0.0,0.0,0.0
1233111,0.0,0.0,0.0,0.0,0.0,0.0,0.0
1233118,0.0,0.0,0.0,0.0,0.0,0.0,0.0
1233124,0.0,0.0,0.0,0.0,0.0,0.0,0.0
1233148,0.0,0.0,0.0,0.0,0.0,0.0,0.0
1233159,0.0,0.0,0.0,0.0,0.0,0.0,0.0
1233335,0.0,0.0,0.0,0.0,0.0,0.0,0.0
1233354,0.0,0.0,0.0,0.0,0.0,0.0,0.0
1233418,0.0,0.0,0.0,0.0,0.0,0.0,0.0
1233429,0.0,0.0,0.0,0.0,0.0,0.0,0.0
1233428,0.0,0.0,0.0,0.0,0.0,0.0,0.0
1233443,0.0,0.0,0.0,0.0,0.0,0.0,0.0
1233467,0.0,0.0,0.0,0.0,0.0,0.0,-1.0
1233482,0.0,0.0,0.0,0.0,0.0,0.0,0.0
1233491,0.0,0.0,0.0,0.0,0.0,0.0,0.0
1233483,0.0,0.0,0.0,0.0,0.0,0.0,0.0
1233514,0.0,0.0,0.0,0.0,0.0,0.0,0.0
1233531,0.0,0.0,0.0,0.0,0.0,0.0,0.0
1233524,0.0,0.0,0.0,0.0,0.0,0.0,0.0
1233548,0.0,0.0,0.0,0.0,0.0,0.0,0.0
1233618,0.0,0.0,0.0,0.0,0.0,0.0,0.0
1233627,0.0,0.0,0.0,0.0,0.0,0.0,0.0
1233657,0.0,0.0,0.0,0.0,0.0,0.0,-1.0
1233691,0.0,0.0,0.0,0.0,0.0,0.0,0.0
1233718,0.0,0.0,0.0,0.0,0.0,0.0,0.0
1233740,0.0,0.0,0.0,0.0,0.0,0.0,0.0
1233758,0.0,0.0,0.0,0.0,0.0,0.0,0.0
1233762,0.0,0.0,0.0,0.0,0.0,0.0,0.0
1233766,0.0,0.0,0.0,0.0,0.0,0.0,0.0
1233772,0.0,0.0,0.0,0.0,0.0,0.0,0.0
1233796,0.0,0.0,0.0,0.0,0.0,0.0,0.0
1233823,0.0,0.0,0.0,0.0,0.0,0.0,0.0
1233862,0.0,0.0,0.0,0.0,0.0,0.0,0.0
1233876,0.0,0.0,0.0,0.0,0.0,0.0,-1.0
1233912,0.0,0.0,0.0,0.0,0.0,0.0,0.0
1233969,0.0,0.0,0.0,0.0,0.0,0.0,0.0
1233988,0.0,0.0,0.0,0.0,0.0,0.0,0.0
1294030,0.0,0.0,0.0,0.0,0.0,0.0,0.0
1294019,0.0,0.0,0.0,0.0,0.0,0.0,-1.0
1294039,0.0,0.0,0.0,0.0,0.0,0.0,0.0
1294058,0.0,0.0,0.0,0.0,0.0,0.0,0.0
1294066,0.0,0.0,0.0,0.0,0.0,0.0,0.0
1294096,0.0,0.0,0.0,0.0,0.0,0.0,0.0
1294087,0.0,0.0,0.0,0.0,0.0,0.0,-1.0
1294103,0.0,0.0,0.0,0.0,0.0,0.0,0.0
1294134,0.0,0.0,0.0,0.0,0.0,0.0,0.0
1294127,0.0,0.0,0.0,0.0,0.0,0.0,0.0
1294161,0.0,0.0,0.0,0.0,0.0,0.0,0.0
1294155,0.0,0.0,0.0,0.0,0.0,0.0,0.0
1294225,0.0,0.0,0.0,0.0,0.0,0.0,0.0
1294253,0.0,0.0,0.0,0.0,0.0,0.0,0.0
1294290,0.0,0.0,0.0,0.0,0.0,0.0,0.0
1294320,0.0,0.0,0.0,0.0,0.0,0.0,0.0
1294334,0.0,0.0,0.0,0.0,0.0,0.0,0.0
1294324,0.0,0.0,0.0,0.0,0.0,0.0,0.0
1294366,0.0,0.0,0.0,0.0,0.0,0.0,-1.0
1294376,0.0,0.0,0.0,0.0,0.0,0.0,0.0
1294392,0.0,0.0,0.0,0.0,0.0,0.0,0.0
1294413,0.0,0.0,0.0,0.0,0.0,0.0,0.0
1294426,0.0,0.0,0.0,0.0,0.0,0.0,0.0
1294431,0.0,0.0,0.0,0.0,0.0,0.0,0.0
1294435,0.0,0.0,0.0,0.0,0.0,0.0,0.0
1294455,0.0,0.0,0.0,0.0,0.0,0.0,0.0
1294496,0.0,0.0,0.0,0.0,0.0,0.0,0.0
1294545,0.0,0.0,0.0,0.0,0.0,0.0,0.0
1294572,0.0,0.0,0.0,0.0,0.0,0.0,0.0
1294628,0.0,0.0,0.0,0.0,0.0,0.0,0.0
1294659,0.0,0.0,0.0,0.0,0.0,0.0,0.0
1294686,0.0,0.0,0.0,0.0,0.0,0.0,0.0
1294701,0.0,0.0,0.0,0.0,0.0,0.0,0.0
1294718,0.0,0.0,0.0,0.0,0.0,0.0,0.0
1294750,0.0,0.0,0.0,0.0,0.0,0.0,0.0
1294832,0.0,0.0,0.0,0.0,0.0,0.0,0.0
1294839,0.0,0.0,0.0,0.0,0.0,0.0,0.0
1294831,0.0,0.0,0.0,0.0,0.0,0.0,0.0
1294852,0.0,0.0,0.0,0.0,0.0,0.0,-1.0
1294863,0.0,0.0,0.0,0.0,0.0,0.0,0.0
1294872,0.0,0.0,0.0,0.0,0.0,0.0,0.0
1294882,0.0,0.0,0.0,0.0,0.0,0.0,0.0
1294896,0.0,0.0,0.0,0.0,0.0,0.0,0.0
1294917,0.0,0.0,0.0,0.0,0.0,0.0,0.0
1294937,0.0,0.0,0.0,0.0,0.0,0.0,-1.0
1294940,0.0,0.0,0.0,0.0,0.0,0.0,0.0
1294996,0.0,0.0,0.0,0.0,0.0,0.0,0.0
1295008,0.0,0.0,0.0,0.0,0.0,0.0,0.0
1295013,0.0,0.0,0.0,0.0,0.0,0.0,0.0
1295025,0.0,0.0,0.0,0.0,0.0,0.0,0.0
1295021,0.0,0.0,0.0,0.0,0.0,0.0,0.0
1295037,0.0,0.0,0.0,0.0,0.0,0.0,0.0
1295091,0.0,0.0,0.0,0.0,0.0,0.0,0.0
1295113,0.0,0.0,0.0,0.0,0.0,0.0,-1.0
1295120,0.0,0.0,0.0,0.0,0.0,0.0,0.0
1295171,0.0,0.0,0.0,0.0,0.0,0.0,0.0
1295189,0.0,0.0,0.0,0.0,0.0,0.0,0.0
1295233,0.0,0.0,0.0,0.0,0.0,0.0,-1.0
1295259,0.0,0.0,0.0,0.0,0.0,0.0,0.0
1295275,0.0,0.0,0.0,0.0,0.0,0.0,0.0
1295297,0.0,0.0,0.0,0.0,0.0,0.0,0.0
1295322,0.0,0.0,0.0,0.0,0.0,0.0,0.0
1295342,0.0,0.0,0.0,0.0,0.0,0.0,0.0
1295353,0.0,0.0,0.0,0.0,0.0,0.0,0.0
1295418,0.0,0.0,0.0,0.0,0.0,0.0,0.0
1295452,0.0,0.0,0.0,0.0,0.0,0.0,0.0
1295453,0.0,0.0,0.0,0.0,0.0,0.0,0.0
1295464,0.0,0.0,0.0,0.0,0.0,0.0,0.0
1295478,0.0,0.0,0.0,0.0,0.0,0.0,0.0
1295546,0.0,0.0,0.0,0.0,0.0,0.0,0.0
1295577,0.0,0.0,0.0,0.0,0.0,0.0,-1.0
1295590,0.0,0.0,0.0,0.0,0.0,0.0,0.0
1295651,0.0,0.0,0.0,0.0,0.0,0.0,0.0
1295657,0.0,0.0,0.0,0.0,0.0,0.0,0.0
1295654,0.0,0.0,0.0,0.0,0.0,0.0,0.0
1295720,0.0,0.0,0.0,0.0,0.0,0.0,0.0
1295726,0.0,0.0,0.0,0.0,0.0,0.0,0.0
1295745,0.0,0.0,0.0,0.0,0.0,0.0,0.0
1295752,0.0,0.0,0.0,0.0,0.0,0.0,0.0
1295766,0.0,0.0,0.0,0.0,0.0,0.0,0.0
1295799,0.0,0.0,0.0,0.0,0.0,0.0,-1.0
1295826,0.0,0.0,0.0,0.0,0.0,0.0,0.0
1295824,0.0,0.0,0.0,0.0,0.0,0.0,0.0
1295821,0.0,0.0,0.0,0.0,0.0,0.0,0.0
1295834,0.0,0.0,0.0,0.0,0.0,0.0,0.0
1295845,0.0,0.0,0.0,0.0,0.0,0.0,0.0
1295862,0.0,0.0,0.0,0.0,0.0,0.0,0.0
1295877,0.0,0.0,0.0,0.0,0.0,0.0,0.0
1295885,0.0,0.0,0.0,0.0,0.0,0.0,0.0
1295891,0.0,0.0,0.0,0.0,0.0,0.0,0.0
1295887,0.0,0.0,0.0,0.0,0.0,0.0,0.0
1295888,0.0,0.0,0.0,0.0,0.0,0.0,0.0
1295931,0.0,0.0,0.0,0.0,0.0,0.0,0.0
1295947,0.0,0.0,0.0,0.0,0.0,0.0,0.0
1295960,0.0,0.0,0.0,0.0,0.0,0.0,0.0
1295957,0.0,0.0,0.0,0.0,0.0,0.0,0.0
1295969,0.0,0.0,0.0,0.0,0.0,0.0,0.0
12548010,0.0,0.0,0.0,0.0,0.0,0.0,0.0
12548035,0.0,0.0,0.0,0.0,0.0,0.0,0.0
12548048,0.0,0.0,0.0,0.0,0.0,0.0,0.0
12548054,0.0,0.0,0.0,0.0,0.0,0.0,0.0
12548073,0.0,0.0,0.0,0.0,0.0,0.0,0.0
12548090,0.0,0.0,0.0,0.0,0.0,0.0,0.0
12548097,0.0,0.0,0.0,0.0,0.0,0.0,0.0
12548126,0.0,0.0,0.0,0.0,0.0,0.0,0.0
12548139,0.0,0.0,0.0,0.0,0.0,0.0,-1.0
12548243,0.0,0.0,0.0,0.0,0.0,0.0,0.0
12548249,0.0,0.0,0.0,0.0,0.0,0.0,0.0
12548256,0.0,0.0,0.0,0.0,0.0,0.0,0.0
12548260,0.0,0.0,0.0,0.0,0.0,0.0,0.0
12548252,0.0,0.0,0.0,0.0,0.0,0.0,0.0
12548272,0.0,0.0,0.0,0.0,0.0,0.0,-1.0
12548326,0.0,0.0,0.0,0.0,0.0,0.0,0.0
12548347,0.0,0.0,0.0,0.0,0.0,0.0,0.0
12548340,0.0,0.0,0.0,0.0,0.0,0.0,0.0
12548345,0.0,0.0,0.0,0.0,0.0,0.0,0.0
12548364,0.0,0.0,0.0,0.0,0.0,0.0,0.0
12548385,0.0,0.0,0.0,0.0,0.0,0.0,-1.0
12548421,0.0,0.0,0.0,0.0,0.0,0.0,0.0
12548415,0.0,0.0,0.0,0.0,0.0,0.0,0.0
12548457,0.0,0.0,0.0,0.0,0.0,0.0,0.0
12548479,0.0,0.0,0.0,0.0,0.0,0.0,0.0
12548510,0.0,0.0,0.0,0.0,0.0,0.0,-1.0
12548513,0.0,0.0,0.0,0.0,0.0,0.0,0.0
12548520,0.0,0.0,0.0,0.0,0.0,0.0,0.0
12548559,0.0,0.0,0.0,0.0,0.0,0.0,0.0
12548558,0.0,0.0,0.0,0.0,0.0,0.0,0.0
12548570,0.0,0.0,0.0,0.0,0.0,0.0,0.0
12548580,0.0,0.0,0.0,0.0,0.0,0.0,0.0
12548564,0.0,0.0,0.0,0.0,0.0,0.0,-1.0
12548667,0.0,0.0,0.0,0.0,0.0,0.0,0.0
12548682,0.0,0.0,0.0,0.0,0.0,0.0,0.0
12548764,0.0,0.0,0.0,0.0,0.0,0.0,0.0
12548784,0.0,0.0,0.0,0.0,0.0,0.0,0.0
12548776,0.0,0.0,0.0,0.0,0.0,0.0,0.0
12548815,0.0,0.0,0.0,0.0,0.0,0.0,0.0
12548827,0.0,0.0,0.0,0.0,0.0,0.0,0.0
12548873,0.0,0.0,0.0,0.0,0.0,0.0,0.0
12548940,0.0,0.0,0.0,0.0,0.0,0.0,-1.0
12548955,0.0,0.0,0.0,0.0,0.0,0.0,0.0
12548942,0.0,0.0,0.0,0.0,0.0,0.0,0.0
12548972,0.0,0.0,0.0,0.0,0.0,0.0,0.0
12549007,0.0,0.0,0.0,0.0,0.0,0.0,0.0
12549005,0.0,0.0,0.0,0.0,0.0,0.0,0.0
12549002,0.0,0.0,0.0,0.0,0.0,0.0,0.0
12549033,0.0,0.0,0.0,0.0,0.0,0.0,-1.0
12549066,0.0,0.0,0.0,0.0,0.0,0.0,0.0
12549063,0.0,0.0,0.0,0.0,0.0,0.0,0.0
12549079,0.0,0.0,0.0,0.0,0.0,0.0,0.0
12549080,0.0,0.0,0.0,0.0,0.0,0.0,0.0
12549102,0.0,0.0,0.0,0.0,0.0,0.0,0.0
12549117,0.0,0.0,0.0,0.0,0.0,0.0,0.0
12549147,0.0,0.0,0.0,0.0,0.0,0.0,0.0
12549136,0.0,0.0,0.0,0.0,0.0,0.0,0.0
12549157,0.0,0.0,0.0,0.0,0.0,0.0,0.0
12549151,0.0,0.0,0.0,0.0,0.0,0.0,-1.0
12549168,0.0,0.0,0.0,0.0,0.0,0.0,0.0
12549164,0.0,0.0,0.0,0.0,0.0,0.0,0.0
12549175,0.0,0.0,0.0,0.0,0.0,0.0,0.0
12549206,0.0,0.0,0.0,0.0,0.0,0.0,0.0
12549284,0.0,0.0,0.0,0.0,0.0,0.0,0.0
12549340,0.0,0.0,0.0,0.0,0.0,0.0,0.0
12549351,0.0,0.0,0.0,0.0,0.0,0.0,0.0
12549365,0.0,0.0,0.0,0.0,0.0,0.0,0.0
12549364,0.0,0.0,0.0,0.0,0.0,0.0,0.0
12549389,0.0,0.0,0.0,0.0,0.0,0.0,0.0
12549383,0.0,0.0,0.0,0.0,0.0,0.0,0.0
12549419,0.0,0.0,0.0,0.0,0.0,0.0,0.0
12549416,0.0,0.0,0.0,0.0,0.0,0.0,0.0
12549438,0.0,0.0,0.0,0.0,0.0,0.0,0.0
12549458,0.0,0.0,0.0,0.0,0.0,0.0,0.0
12549471,0.0,0.0,0.0,0.0,0.0,0.0,0.0
12549536,0.0,0.0,0.0,0.0,0.0,0.0,0.0
12549609,0.0,0.0,0.0,0.0,0.0,0.0,0.0
12549633,0.0,0.0,0.0,0.0,0.0,0.0,0.0
12549643,0.0,0.0,0.0,0.0,0.0,0.0,-1.0
12549666,0.0,0.0,0.0,0.0,0.0,0.0,0.0
12549664,0.0,0.0,0.0,0.0,0.0,0.0,0.0
12549677,0.0,0.0,0.0,0.0,0.0,0.0,0.0
12549679,0.0,0.0,0.0,0.0,0.0,0.0,0.0
12549697,0.0,0.0,0.0,0.0,0.0,0.0,0.0
12549743,0.0,0.0,0.0,0.0,0.0,0.0,0.0
12549792,0.0,0.0,0.0,0.0,0.0,0.0,0.0
12549811,0.0,0.0,0.0,0.0,0.0,0.0,0.0
12549843,0.0,0.0,0.0,0.0,0.0,0.0,0.0
12549856,0.0,0.0,0.0,0.0,0.0,0.0,0.0
12549893,0.0,0.0,0.0,0.0,0.0,0.0,0.0
12549912,0.0,0.0,0.0,0.0,0.0,0.0,0.0
12549955,0.0,0.0,0.0,0.0,0.0,0.0,0.0
12549972,0.0,0.0,0.0,0.0,0.0,0.0,0.0
12549973,0.0,0.0,0.0,0.0,0.0,0.0,-1.0
12549996,0.0,0.0,0.0,0.0,0.0,0.0,0.0
1076004,0.0,0.0,0.0,0.0,0.0,0.0,0.0
1076013,0.0,0.0,0.0,0.0,0.0,0.0,0.0
1076024,0.0,0.0,0.0,0.0,0.0,0.0,0.0
1076022,0.0,0.0,0.0,0.0,0.0,0.0,0.0
1076031,0.0,0.0,0.0,0.0,0.0,0.0,0.0
1076040,0.0,0.0,0.0,0.0,0.0,0.0,0.0
1076085,0.0,0.0,0.0,0.0,0.0,0.0,0.0
1076112,0.0,0.0,0.0,0.0,0.0,0.0,0.0
1076126,0.0,0.0,0.0,0.0,0.0,0.0,0.0
1076149,0.0,0.0,0.0,0.0,0.0,0.0,0.0
1076150,0.0,0.0,0.0,0.0,0.0,0.0,0.0
1076240,0.0,0.0,0.0,0.0,0.0,0.0,0.0
1076262,0.0,0.0,0.0,0.0,0.0,0.0,0.0
1076410,0.0,0.0,0.0,0.0,0.0,0.0,0.0
1076427,0.0,0.0,0.0,0.0,0.0,0.0,0.0
1076415,0.0,0.0,0.0,0.0,0.0,0.0,0.0
1076436,0.0,0.0,0.0,0.0,0.0,0.0,0.0
1076440,0.0,0.0,0.0,0.0,0.0,0.0,0.0
1076446,0.0,0.0,0.0,0.0,0.0,0.0,0.0
1076458,0.0,0.0,0.0,0.0,0.0,0.0,0.0
1076522,0.0,0.0,0.0,0.0,0.0,0.0,0.0
1076545,0.0,0.0,0.0,0.0,0.0,0.0,0.0
1076578,0.0,0.0,0.0,0.0,0.0,0.0,0.0
1076624,0.0,0.0,0.0,0.0,0.0,0.0,0.0
1076634,0.0,0.0,0.0,0.0,0.0,0.0,0.0
1076638,0.0,0.0,0.0,0.0,0.0,0.0,0.0
1076665,0.0,0.0,0.0,0.0,0.0,0.0,0.0
1076693,0.0,0.0,0.0,0.0,0.0,0.0,0.0
1076718,0.0,0.0,0.0,0.0,0.0,0.0,0.0
1076710,0.0,0.0,0.0,0.0,0.0,0.0,0.0
1076745,0.0,0.0,0.0,0.0,0.0,0.0,-1.0
1076756,0.0,0.0,0.0,0.0,0.0,0.0,0.0
1076769,0.0,0.0,0.0,0.0,0.0,0.0,0.0
1076804,0.0,0.0,0.0,0.0,0.0,0.0,0.0
1076819,0.0,0.0,0.0,0.0,0.0,0.0,0.0
1076827,0.0,0.0,0.0,0.0,0.0,0.0,-1.0
1076840,0.0,0.0,0.0,0.0,0.0,0.0,-1.0
1076864,0.0,0.0,0.0,0.0,0.0,0.0,0.0
1076872,0.0,0.0,0.0,0.0,0.0,0.0,0.0
1076887,0.0,0.0,0.0,0.0,0.0,0.0,0.0
1076959,0.0,0.0,0.0,0.0,0.0,0.0,0.0
1076965,0.0,0.0,0.0,0.0,0.0,0.0,-1.0
1076957,0.0,0.0,0.0,0.0,0.0,0.0,-1.0
13970026,0.0,0.0,0.0,0.0,0.0,0.0,0.0
13970066,0.0,0.0,0.0,0.0,0.0,0.0,0.0
13970111,0.0,0.0,0.0,0.0,0.0,0.0,0.0
13970134,0.0,0.0,0.0,0.0,0.0,0.0,0.0
13970129,0.0,0.0,0.0,0.0,0.0,0.0,0.0
13970150,0.0,0.0,0.0,0.0,0.0,0.0,0.0
13970176,0.0,0.0,0.0,0.0,0.0,0.0,0.0
13970169,0.0,0.0,0.0,0.0,0.0,0.0,0.0
13970202,0.0,0.0,0.0,0.0,0.0,0.0,0.0
13970212,0.0,0.0,0.0,0.0,0.0,0.0,0.0
13970242,0.0,0.0,0.0,0.0,0.0,0.0,-1.0
13970260,0.0,0.0,0.0,0.0,0.0,0.0,0.0
13970297,0.0,0.0,0.0,0.0,0.0,0.0,0.0
13970307,0.0,0.0,0.0,0.0,0.0,0.0,0.0
13970339,0.0,0.0,0.0,0.0,0.0,0.0,-1.0
13970344,0.0,0.0,0.0,0.0,0.0,0.0,0.0
13970428,0.0,0.0,0.0,0.0,0.0,0.0,0.0
13970450,0.0,0.0,0.0,0.0,0.0,0.0,0.0
13970485,0.0,0.0,0.0,0.0,0.0,0.0,0.0
13970478,0.0,0.0,0.0,0.0,0.0,0.0,0.0
13970471,0.0,0.0,0.0,0.0,0.0,0.0,0.0
13970575,0.0,0.0,0.0,0.0,0.0,0.0,0.0
13970612,0.0,0.0,0.0,0.0,0.0,0.0,0.0
13970609,0.0,0.0,0.0,0.0,0.0,0.0,0.0
13970641,0.0,0.0,0.0,0.0,0.0,0.0,0.0
13970669,0.0,0.0,0.0,0.0,0.0,0.0,0.0
13970683,0.0,0.0,0.0,0.0,0.0,0.0,0.0
13970729,0.0,0.0,0.0,0.0,0.0,0.0,0.0
13970769,0.0,0.0,0.0,0.0,0.0,0.0,0.0
13970778,0.0,0.0,0.0,0.0,0.0,0.0,0.0
13970833,0.0,0.0,0.0,0.0,0.0,0.0,0.0
13970837,0.0,0.0,0.0,0.0,0.0,0.0,0.0
13970839,0.0,0.0,0.0,0.0,0.0,0.0,0.0
13970893,0.0,0.0,0.0,0.0,0.0,0.0,0.0
13970897,0.0,0.0,0.0,0.0,0.0,0.0,0.0
13970911,0.0,0.0,0.0,0.0,0.0,0.0,0.0
1455007,0.0,0.0,0.0,0.0,0.0,0.0,0.0
1455042,0.0,0.0,0.0,0.0,0.0,0.0,0.0
1455067,0.0,0.0,0.0,0.0,0.0,0.0,0.0
1455070,0.0,0.0,0.0,0.0,0.0,0.0,0.0
1455086,0.0,0.0,0.0,0.0,0.0,0.0,0.0
1455104,0.0,0.0,0.0,0.0,0.0,0.0,0.0
1455112,0.0,0.0,0.0,0.0,0.0,0.0,0.0
1455137,0.0,0.0,0.0,0.0,0.0,0.0,0.0
1455162,0.0,0.0,0.0,0.0,0.0,0.0,0.0
1455167,0.0,0.0,0.0,0.0,0.0,0.0,0.0
1455182,0.0,0.0,0.0,0.0,0.0,0.0,0.0
1455215,0.0,0.0,0.0,0.0,0.0,0.0,0.0
1455224,0.0,0.0,0.0,0.0,0.0,0.0,0.0
1455235,0.0,0.0,0.0,0.0,0.0,0.0,0.0
1455307,0.0,0.0,0.0,0.0,0.0,0.0,0.0
1455314,0.0,0.0,0.0,0.0,0.0,0.0,0.0
1455360,0.0,0.0,0.0,0.0,0.0,0.0,0.0
1455355,0.0,0.0,0.0,0.0,0.0,0.0,0.0
1455375,0.0,0.0,0.0,0.0,0.0,0.0,0.0
1455432,0.0,0.0,0.0,0.0,0.0,0.0,0.0
1455403,0.0,0.0,0.0,0.0,0.0,0.0,0.0
1455470,0.0,0.0,0.0,0.0,0.0,0.0,0.0
1455498,0.0,0.0,0.0,0.0,0.0,0.0,0.0
1455493,0.0,0.0,0.0,0.0,0.0,0.0,0.0
1455515,0.0,0.0,0.0,0.0,0.0,0.0,0.0
1455511,0.0,0.0,0.0,0.0,0.0,0.0,0.0
1455566,0.0,0.0,0.0,0.0,0.0,0.0,0.0
1455581,0.0,0.0,0.0,0.0,0.0,0.0,0.0
1455569,0.0,0.0,0.0,0.0,0.0,0.0,0.0
1455598,0.0,0.0,0.0,0.0,0.0,0.0,0.0
1455601,0.0,0.0,0.0,0.0,0.0,0.0,0.0
1455671,0.0,0.0,0.0,0.0,0.0,0.0,0.0
1455695,0.0,0.0,0.0,0.0,0.0,0.0,0.0
1455709,0.0,0.0,0.0,0.0,0.0,0.0,0.0
1455776,0.0,0.0,0.0,0.0,0.0,0.0,0.0
1455811,0.0,0.0,0.0,0.0,0.0,0.0,0.0
1455830,0.0,0.0,0.0,0.0,0.0,0.0,0.0
1455849,0.0,0.0,0.0,0.0,0.0,0.0,0.0
1455881,0.0,0.0,0.0,0.0,0.0,0.0,0.0
1455892,0.0,0.0,0.0,0.0,0.0,0.0,0.0
1455908,0.0,0.0,0.0,0.0,0.0,0.0,0.0
1455928,0.0,0.0,0.0,0.0,0.0,0.0,0.0
1455941,0.0,0.0,0.0,0.0,0.0,0.0,0.0
1455954,0.0,0.0,0.0,0.0,0.0,0.0,0.0
1455984,0.0,0.0,0.0,0.0,0.0,0.0,0.0
1455983,0.0,0.0,0.0,0.0,0.0,0.0,0.0
1518041,0.0,0.0,0.0,0.0,0.0,0.0,0.0
1518044,0.0,0.0,0.0,0.0,0.0,0.0,0.0
1518050,0.0,0.0,0.0,0.0,0.0,0.0,0.0
1518083,0.0,0.0,0.0,0.0,0.0,0.0,0.0
1518081,0.0,0.0,0.0,0.0,0.0,0.0,0.0
1518074,0.0,0.0,0.0,0.0,0.0,0.0,0.0
1518133,0.0,0.0,0.0,0.0,0.0,0.0,0.0
1518180,0.0,0.0,0.0,0.0,0.0,0.0,0.0
1518190,0.0,0.0,0.0,0.0,0.0,0.0,0.0
1518215,0.0,0.0,0.0,0.0,0.0,0.0,-1.0
1518229,0.0,0.0,0.0,0.0,0.0,0.0,0.0
1518246,0.0,0.0,0.0,0.0,0.0,0.0,0.0
1518284,0.0,0.0,0.0,0.0,0.0,0.0,0.0
1518332,0.0,0.0,0.0,0.0,0.0,0.0,-1.0
1518337,0.0,0.0,0.0,0.0,0.0,0.0,0.0
1518330,0.0,0.0,0.0,0.0,0.0,0.0,0.0
1518365,0.0,0.0,0.0,0.0,0.0,0.0,0.0
1518367,0.0,0.0,0.0,0.0,0.0,0.0,-1.0
1518375,0.0,0.0,0.0,0.0,0.0,0.0,0.0
1518364,0.0,0.0,0.0,0.0,0.0,0.0,0.0
1518390,0.0,0.0,0.0,0.0,0.0,0.0,0.0
1518408,0.0,0.0,0.0,0.0,0.0,0.0,0.0
1518439,0.0,0.0,0.0,0.0,0.0,0.0,0.0
1518489,0.0,0.0,0.0,0.0,0.0,0.0,0.0
1518483,0.0,0.0,0.0,0.0,0.0,0.0,0.0
1518502,0.0,0.0,0.0,0.0,0.0,0.0,0.0
1518508,0.0,0.0,0.0,0.0,0.0,0.0,0.0
1518514,0.0,0.0,0.0,0.0,0.0,0.0,0.0
1518521,0.0,0.0,0.0,0.0,0.0,0.0,0.0
1518557,0.0,0.0,0.0,0.0,0.0,0.0,0.0
1518565,0.0,0.0,0.0,0.0,0.0,0.0,0.0
1518564,0.0,0.0,0.0,0.0,0.0,0.0,0.0
1518589,0.0,0.0,0.0,0.0,0.0,0.0,0.0
1518624,0.0,0.0,0.0,0.0,0.0,0.0,-1.0
1518652,0.0,0.0,0.0,0.0,0.0,0.0,0.0
1518653,0.0,0.0,0.0,0.0,0.0,0.0,0.0
1518668,0.0,0.0,0.0,0.0,0.0,0.0,0.0
1518694,0.0,0.0,0.0,0.0,0.0,0.0,0.0
1518709,0.0,0.0,0.0,0.0,0.0,0.0,0.0
1518717,0.0,0.0,0.0,0.0,0.0,0.0,-1.0
1518727,0.0,0.0,0.0,0.0,0.0,0.0,0.0
1518756,0.0,0.0,0.0,0.0,0.0,0.0,0.0
1518755,0.0,0.0,0.0,0.0,0.0,0.0,0.0
1518796,0.0,0.0,0.0,0.0,0.0,0.0,0.0
1518800,0.0,0.0,0.0,0.0,0.0,0.0,0.0
1518798,0.0,0.0,0.0,0.0,0.0,0.0,0.0
1518836,0.0,0.0,0.0,0.0,0.0,0.0,0.0
1518859,0.0,0.0,0.0,0.0,0.0,0.0,0.0
1518871,0.0,0.0,0.0,0.0,0.0,0.0,0.0
1518893,0.0,0.0,0.0,0.0,0.0,0.0,0.0
1518906,0.0,0.0,0.0,0.0,0.0,0.0,0.0
1518903,0.0,0.0,0.0,0.0,0.0,0.0,0.0
1518925,0.0,0.0,0.0,0.0,0.0,0.0,-1.0
1518918,0.0,0.0,0.0,0.0,0.0,0.0,0.0
1518933,0.0,0.0,0.0,0.0,0.0,0.0,0.0
1518957,0.0,0.0,0.0,0.0,0.0,0.0,0.0
12248013,0.0,0.0,0.0,0.0,0.0,0.0,-1.0
12248048,0.0,0.0,0.0,0.0,0.0,0.0,0.0
12248057,0.0,0.0,0.0,0.0,0.0,0.0,0.0
12248063,0.0,0.0,0.0,0.0,0.0,0.0,0.0
12248099,0.0,0.0,0.0,0.0,0.0,0.0,0.0
12248131,0.0,0.0,0.0,0.0,0.0,0.0,0.0
12248148,0.0,0.0,0.0,0.0,0.0,0.0,0.0
12248172,0.0,0.0,0.0,0.0,0.0,0.0,0.0
12248179,0.0,0.0,0.0,0.0,0.0,0.0,-1.0
12248186,0.0,0.0,0.0,0.0,0.0,0.0,0.0
12248225,0.0,0.0,0.0,0.0,0.0,0.0,0.0
12248270,0.0,0.0,0.0,0.0,0.0,0.0,0.0
12248327,0.0,0.0,0.0,0.0,0.0,0.0,0.0
12248366,0.0,0.0,0.0,0.0,0.0,0.0,0.0
12248383,0.0,0.0,0.0,0.0,0.0,0.0,0.0
12248423,0.0,0.0,0.0,0.0,0.0,0.0,0.0
12248439,0.0,0.0,0.0,0.0,0.0,0.0,0.0
12248475,0.0,0.0,0.0,0.0,0.0,0.0,0.0
12248486,0.0,0.0,0.0,0.0,0.0,0.0,0.0
12248530,0.0,0.0,0.0,0.0,0.0,0.0,0.0
12248558,0.0,0.0,0.0,0.0,0.0,0.0,0.0
12248564,0.0,0.0,0.0,0.0,0.0,0.0,0.0
12248572,0.0,0.0,0.0,0.0,0.0,0.0,0.0
12248592,0.0,0.0,0.0,0.0,0.0,0.0,0.0
12248597,0.0,0.0,0.0,0.0,0.0,0.0,0.0
12248605,0.0,0.0,0.0,0.0,0.0,0.0,0.0
12248612,0.0,0.0,0.0,0.0,0.0,0.0,0.0
12248616,0.0,0.0,0.0,0.0,0.0,0.0,0.0
12248630,0.0,0.0,0.0,0.0,0.0,0.0,0.0
12248650,0.0,0.0,0.0,0.0,0.0,0.0,0.0
12248675,0.0,0.0,0.0,0.0,0.0,0.0,0.0
12248762,0.0,0.0,0.0,0.0,0.0,0.0,0.0
12248795,0.0,0.0,0.0,0.0,0.0,0.0,0.0
12248820,0.0,0.0,0.0,0.0,0.0,0.0,0.0
12248862,0.0,0.0,0.0,0.0,0.0,0.0,0.0
12248854,0.0,0.0,0.0,0.0,0.0,0.0,0.0
12248961,0.0,0.0,0.0,0.0,0.0,0.0,0.0
12249064,0.0,0.0,0.0,0.0,0.0,0.0,0.0
12249078,0.0,0.0,0.0,0.0,0.0,0.0,0.0
12249106,0.0,0.0,0.0,0.0,0.0,0.0,0.0
12249116,0.0,0.0,0.0,0.0,0.0,0.0,0.0
12249138,0.0,0.0,0.0,0.0,0.0,0.0,0.0
12249146,0.0,0.0,0.0,0.0,0.0,0.0,0.0
12249150,0.0,0.0,0.0,0.0,0.0,0.0,0.0
12249153,0.0,0.0,0.0,0.0,0.0,0.0,0.0
12249166,0.0,0.0,0.0,0.0,0.0,0.0,0.0
12249167,0.0,0.0,0.0,0.0,0.0,0.0,0.0
12249183,0.0,0.0,0.0,0.0,0.0,0.0,0.0
12249211,0.0,0.0,0.0,0.0,0.0,0.0,0.0
12249223,0.0,0.0,0.0,0.0,0.0,0.0,0.0
12249226,0.0,0.0,0.0,0.0,0.0,0.0,0.0
12249227,0.0,0.0,0.0,0.0,0.0,0.0,0.0
12249254,0.0,0.0,0.0,0.0,0.0,0.0,0.0
12249269,0.0,0.0,0.0,0.0,0.0,0.0,0.0
12249268,0.0,0.0,0.0,0.0,0.0,0.0,0.0
12249288,0.0,0.0,0.0,0.0,0.0,0.0,0.0
12249331,0.0,0.0,0.0,0.0,0.0,0.0,0.0
12249325,0.0,0.0,0.0,0.0,0.0,0.0,0.0
12249341,0.0,0.0,0.0,0.0,0.0,0.0,-1.0
12249338,0.0,0.0,0.0,0.0,0.0,0.0,0.0
12249372,0.0,0.0,0.0,0.0,0.0,0.0,0.0
12249365,0.0,0.0,0.0,0.0,0.0,0.0,0.0
12249361,0.0,0.0,0.0,0.0,0.0,0.0,0.0
12249427,0.0,0.0,0.0,0.0,0.0,0.0,0.0
12249434,0.0,0.0,0.0,0.0,0.0,0.0,0.0
12249445,0.0,0.0,0.0,0.0,0.0,0.0,0.0
12249503,0.0,0.0,0.0,0.0,0.0,0.0,0.0
12249518,0.0,0.0,0.0,0.0,0.0,0.0,0.0
12249541,0.0,0.0,0.0,0.0,0.0,0.0,0.0
12249617,0.0,0.0,0.0,0.0,0.0,0.0,0.0
12249651,0.0,0.0,0.0,0.0,0.0,0.0,0.0
12249662,0.0,0.0,0.0,0.0,0.0,0.0,0.0
12249698,0.0,0.0,0.0,0.0,0.0,0.0,0.0
12249722,0.0,0.0,0.0,0.0,0.0,0.0,0.0
12249732,0.0,0.0,0.0,0.0,0.0,0.0,0.0
12249724,0.0,0.0,0.0,0.0,0.0,0.0,0.0
12249729,0.0,0.0,0.0,0.0,0.0,0.0,0.0
12249736,0.0,0.0,0.0,0.0,0.0,0.0,0.0
12249753,0.0,0.0,0.0,0.0,0.0,0.0,-1.0
12249751,0.0,0.0,0.0,0.0,0.0,0.0,0.0
12249761,0.0,0.0,0.0,0.0,0.0,0.0,0.0
12249759,0.0,0.0,0.0,0.0,0.0,0.0,0.0
12249758,0.0,0.0,0.0,0.0,0.0,0.0,0.0
12249788,0.0,0.0,0.0,0.0,0.0,0.0,0.0
12249820,0.0,0.0,0.0,0.0,0.0,0.0,0.0
12249864,0.0,0.0,0.0,0.0,0.0,0.0,0.0
12249901,0.0,0.0,0.0,0.0,0.0,0.0,0.0
12249892,0.0,0.0,0.0,0.0,0.0,0.0,0.0
12249913,0.0,0.0,0.0,0.0,0.0,0.0,-1.0
12249992,0.0,0.0,0.0,0.0,0.0,0.0,0.0
789027,0.0,0.0,0.0,0.0,0.0,0.0,0.0
789038,0.0,0.0,0.0,0.0,0.0,0.0,0.0
789049,0.0,0.0,0.0,0.0,0.0,0.0,0.0
789064,0.0,0.0,0.0,0.0,0.0,0.0,0.0
789074,0.0,0.0,0.0,0.0,0.0,0.0,0.0
789087,0.0,0.0,0.0,0.0,0.0,0.0,0.0
789151,0.0,0.0,0.0,0.0,0.0,0.0,-1.0
789191,0.0,0.0,0.0,0.0,0.0,0.0,0.0
789205,0.0,0.0,0.0,0.0,0.0,0.0,0.0
789224,0.0,0.0,0.0,0.0,0.0,0.0,0.0
789244,0.0,0.0,0.0,0.0,0.0,0.0,0.0
789233,0.0,0.0,0.0,0.0,0.0,0.0,0.0
789309,0.0,0.0,0.0,0.0,0.0,0.0,0.0
789316,0.0,0.0,0.0,0.0,0.0,0.0,0.0
789311,0.0,0.0,0.0,0.0,0.0,0.0,0.0
789317,0.0,0.0,0.0,0.0,0.0,0.0,0.0
789346,0.0,0.0,0.0,0.0,0.0,0.0,0.0
789339,0.0,0.0,0.0,0.0,0.0,0.0,0.0
789369,0.0,0.0,0.0,0.0,0.0,0.0,0.0
789375,0.0,0.0,0.0,0.0,0.0,0.0,0.0
789384,0.0,0.0,0.0,0.0,0.0,0.0,0.0
789406,0.0,0.0,0.0,0.0,0.0,0.0,0.0
789435,0.0,0.0,0.0,0.0,0.0,0.0,0.0
789468,0.0,0.0,0.0,0.0,0.0,0.0,0.0
789481,0.0,0.0,0.0,0.0,0.0,0.0,0.0
789486,0.0,0.0,0.0,0.0,0.0,0.0,0.0
789485,0.0,0.0,0.0,0.0,0.0,0.0,0.0
789525,0.0,0.0,0.0,0.0,0.0,0.0,0.0
789553,0.0,0.0,0.0,0.0,0.0,0.0,0.0
789567,0.0,0.0,0.0,0.0,0.0,0.0,0.0
789587,0.0,0.0,0.0,0.0,0.0,0.0,0.0
789598,0.0,0.0,0.0,0.0,0.0,0.0,0.0
789595,0.0,0.0,0.0,0.0,0.0,0.0,0.0
789604,0.0,0.0,0.0,0.0,0.0,0.0,0.0
789616,0.0,0.0,0.0,0.0,0.0,0.0,0.0
789695,0.0,0.0,0.0,0.0,0.0,0.0,0.0
789725,0.0,0.0,0.0,0.0,0.0,0.0,0.0
789750,0.0,0.0,0.0,0.0,0.0,0.0,0.0
789754,0.0,0.0,0.0,0.0,0.0,0.0,0.0
789753,0.0,0.0,0.0,0.0,0.0,0.0,0.0
789775,0.0,0.0,0.0,0.0,0.0,0.0,0.0
789776,0.0,0.0,0.0,0.0,0.0,0.0,0.0
789847,0.0,0.0,0.0,0.0,0.0,0.0,0.0
789871,0.0,0.0,0.0,0.0,0.0,0.0,0.0
789901,0.0,0.0,0.0,0.0,0.0,0.0,0.0
789892,0.0,0.0,0.0,0.0,0.0,0.0,0.0
789878,0.0,0.0,0.0,0.0,0.0,0.0,-1.0
789893,0.0,0.0,0.0,0.0,0.0,0.0,0.0
789918,0.0,0.0,0.0,0.0,0.0,0.0,0.0
789915,0.0,0.0,0.0,0.0,0.0,0.0,0.0
789933,0.0,0.0,0.0,0.0,0.0,0.0,0.0
789944,0.0,0.0,0.0,0.0,0.0,0.0,0.0
789980,0.0,0.0,0.0,0.0,0.0,0.0,0.0
789986,0.0,0.0,0.0,0.0,0.0,0.0,0.0
789994,0.0,0.0,0.0,0.0,0.0,0.0,0.0
1608088,0.0,0.0,0.0,0.0,0.0,0.0,-1.0
1608108,0.0,0.0,0.0,0.0,0.0,0.0,0.0
1608122,0.0,0.0,0.0,0.0,0.0,0.0,0.0
1608151,0.0,0.0,0.0,0.0,0.0,0.0,0.0
1608242,0.0,0.0,0.0,0.0,0.0,0.0,-1.0
1608244,0.0,0.0,0.0,0.0,0.0,0.0,0.0
1608351,0.0,0.0,0.0,0.0,0.0,0.0,-1.0
1608365,0.0,0.0,0.0,0.0,0.0,0.0,0.0
1608368,0.0,0.0,0.0,0.0,0.0,0.0,0.0
1608423,0.0,0.0,0.0,0.0,0.0,0.0,0.0
1608447,0.0,0.0,0.0,0.0,0.0,0.0,0.0
1608448,0.0,0.0,0.0,0.0,0.0,0.0,-1.0
1608523,0.0,0.0,0.0,0.0,0.0,0.0,0.0
1608552,0.0,0.0,0.0,0.0,0.0,0.0,0.0
1608582,0.0,0.0,0.0,0.0,0.0,0.0,0.0
1608645,0.0,0.0,0.0,0.0,0.0,0.0,0.0
1608653,0.0,0.0,0.0,0.0,0.0,0.0,0.0
1608664,0.0,0.0,0.0,0.0,0.0,0.0,0.0
1608675,0.0,0.0,0.0,0.0,0.0,0.0,0.0
1608682,0.0,0.0,0.0,0.0,0.0,0.0,0.0
1608718,0.0,0.0,0.0,0.0,0.0,0.0,0.0
1608734,0.0,0.0,0.0,0.0,0.0,0.0,0.0
1608743,0.0,0.0,0.0,0.0,0.0,0.0,-1.0
1608768,0.0,0.0,0.0,0.0,0.0,0.0,0.0
1608771,0.0,0.0,0.0,0.0,0.0,0.0,0.0
1608785,0.0,0.0,0.0,0.0,0.0,0.0,0.0
1608791,0.0,0.0,0.0,0.0,0.0,0.0,0.0
1608851,0.0,0.0,0.0,0.0,0.0,0.0,0.0
1608874,0.0,0.0,0.0,0.0,0.0,0.0,0.0
1608909,0.0,0.0,0.0,0.0,0.0,0.0,0.0
1608946,0.0,0.0,0.0,0.0,0.0,0.0,0.0
1608961,0.0,0.0,0.0,0.0,0.0,0.0,0.0
1608982,0.0,0.0,0.0,0.0,0.0,0.0,0.0
1608994,0.0,0.0,0.0,0.0,0.0,0.0,0.0
1609013,0.0,0.0,0.0,0.0,0.0,0.0,0.0
1609021,0.0,0.0,0.0,0.0,0.0,0.0,0.0
1609029,0.0,0.0,0.0,0.0,0.0,0.0,0.0
1609042,0.0,0.0,0.0,0.0,0.0,0.0,0.0
1609056,0.0,0.0,0.0,0.0,0.0,0.0,0.0
1609061,0.0,0.0,0.0,0.0,0.0,0.0,0.0
1609058,0.0,0.0,0.0,0.0,0.0,0.0,0.0
1609066,0.0,0.0,0.0,0.0,0.0,0.0,0.0
1609097,0.0,0.0,0.0,0.0,0.0,0.0,0.0
1609148,0.0,0.0,0.0,0.0,0.0,0.0,0.0
1609146,0.0,0.0,0.0,0.0,0.0,0.0,-1.0
1609199,0.0,0.0,0.0,0.0,0.0,0.0,0.0
1609213,0.0,0.0,0.0,0.0,0.0,0.0,0.0
1609209,0.0,0.0,0.0,0.0,0.0,0.0,0.0
1609267,0.0,0.0,0.0,0.0,0.0,0.0,0.0
1609275,0.0,0.0,0.0,0.0,0.0,0.0,-1.0
1609288,0.0,0.0,0.0,0.0,0.0,0.0,0.0
1609325,0.0,0.0,0.0,0.0,0.0,0.0,0.0
1609323,0.0,0.0,0.0,0.0,0.0,0.0,0.0
1609343,0.0,0.0,0.0,0.0,0.0,0.0,0.0
1609350,0.0,0.0,0.0,0.0,0.0,0.0,0.0
1609358,0.0,0.0,0.0,0.0,0.0,0.0,0.0
1609448,0.0,0.0,0.0,0.0,0.0,0.0,0.0
1609459,0.0,0.0,0.0,0.0,0.0,0.0,0.0
1609489,0.0,0.0,0.0,0.0,0.0,0.0,0.0
1609522,0.0,0.0,0.0,0.0,0.0,0.0,0.0
1609535,0.0,0.0,0.0,0.0,0.0,0.0,0.0
1609537,0.0,0.0,0.0,0.0,0.0,0.0,0.0
1609573,0.0,0.0,0.0,0.0,0.0,0.0,-1.0
1609687,0.0,0.0,0.0,0.0,0.0,0.0,0.0
1609688,0.0,0.0,0.0,0.0,0.0,0.0,-1.0
1609697,0.0,0.0,0.0,0.0,0.0,0.0,0.0
1609740,0.0,0.0,0.0,0.0,0.0,0.0,0.0
1609808,0.0,0.0,0.0,0.0,0.0,0.0,0.0
1609810,0.0,0.0,0.0,0.0,0.0,0.0,0.0
1609809,0.0,0.0,0.0,0.0,0.0,0.0,0.0
1609823,0.0,0.0,0.0,0.0,0.0,0.0,0.0
1609860,0.0,0.0,0.0,0.0,0.0,0.0,0.0
1609847,0.0,0.0,0.0,0.0,0.0,0.0,0.0
1609871,0.0,0.0,0.0,0.0,0.0,0.0,0.0
1609892,0.0,0.0,0.0,0.0,0.0,0.0,0.0
1609933,0.0,0.0,0.0,0.0,0.0,0.0,0.0
1609947,0.0,0.0,0.0,0.0,0.0,0.0,0.0
1609930,0.0,0.0,0.0,0.0,0.0,0.0,-1.0
1609935,0.0,0.0,0.0,0.0,0.0,0.0,0.0
1609959,0.0,0.0,0.0,0.0,0.0,0.0,0.0
1609981,0.0,0.0,0.0,0.0,0.0,0.0,0.0
1609990,0.0,0.0,0.0,0.0,0.0,0.0,0.0
1861018,0.0,0.0,0.0,0.0,0.0,0.0,0.0
1861009,0.0,0.0,0.0,0.0,0.0,0.0,0.0
1861072,0.0,0.0,0.0,0.0,0.0,0.0,0.0
1861084,0.0,0.0,0.0,0.0,0.0,0.0,0.0
1861091,0.0,0.0,0.0,0.0,0.0,0.0,0.0
1861131,0.0,0.0,0.0,0.0,0.0,0.0,0.0
1861143,0.0,0.0,0.0,0.0,0.0,0.0,0.0
1861137,0.0,0.0,0.0,0.0,0.0,0.0,0.0
1861213,0.0,0.0,0.0,0.0,0.0,0.0,0.0
1861218,0.0,0.0,0.0,0.0,0.0,0.0,0.0
1861219,0.0,0.0,0.0,0.0,0.0,0.0,0.0
1861225,0.0,0.0,0.0,0.0,0.0,0.0,0.0
1861267,0.0,0.0,0.0,0.0,0.0,0.0,-1.0
1861268,0.0,0.0,0.0,0.0,0.0,0.0,-1.0
1861297,0.0,0.0,0.0,0.0,0.0,0.0,0.0
1861331,0.0,0.0,0.0,0.0,0.0,0.0,0.0
1861344,0.0,0.0,0.0,0.0,0.0,0.0,0.0
1861426,0.0,0.0,0.0,0.0,0.0,0.0,0.0
1861421,0.0,0.0,0.0,0.0,0.0,0.0,0.0
1861458,0.0,0.0,0.0,0.0,0.0,0.0,0.0
1861457,0.0,0.0,0.0,0.0,0.0,0.0,0.0
1861501,0.0,0.0,0.0,0.0,0.0,0.0,0.0
1861549,0.0,0.0,0.0,0.0,0.0,0.0,0.0
1861586,0.0,0.0,0.0,0.0,0.0,0.0,0.0
1861614,0.0,0.0,0.0,0.0,0.0,0.0,0.0
1861618,0.0,0.0,0.0,0.0,0.0,0.0,0.0
1861631,0.0,0.0,0.0,0.0,0.0,0.0,0.0
1861654,0.0,0.0,0.0,0.0,0.0,0.0,0.0
1861652,0.0,0.0,0.0,0.0,0.0,0.0,0.0
1861680,0.0,0.0,0.0,0.0,0.0,0.0,0.0
1861665,0.0,0.0,0.0,0.0,0.0,0.0,0.0
1861683,0.0,0.0,0.0,0.0,0.0,0.0,0.0
1861714,0.0,0.0,0.0,0.0,0.0,0.0,0.0
1861726,0.0,0.0,0.0,0.0,0.0,0.0,0.0
1861783,0.0,0.0,0.0,0.0,0.0,0.0,0.0
1861786,0.0,0.0,0.0,0.0,0.0,0.0,0.0
1861798,0.0,0.0,0.0,0.0,0.0,0.0,0.0
1861811,0.0,0.0,0.0,0.0,0.0,0.0,0.0
1861817,0.0,0.0,0.0,0.0,0.0,0.0,0.0
1861881,0.0,0.0,0.0,0.0,0.0,0.0,0.0
1861870,0.0,0.0,0.0,0.0,0.0,0.0,0.0
1861886,0.0,0.0,0.0,0.0,0.0,0.0,0.0
1861898,0.0,0.0,0.0,0.0,0.0,0.0,0.0
1861937,0.0,0.0,0.0,0.0,0.0,0.0,0.0
1861973,0.0,0.0,0.0,0.0,0.0,0.0,0.0
1861964,0.0,0.0,0.0,0.0,0.0,0.0,0.0
1044004,0.0,0.0,0.0,0.0,0.0,0.0,0.0
1044085,0.0,0.0,0.0,0.0,0.0,0.0,0.0
1044116,0.0,0.0,0.0,0.0,0.0,0.0,-1.0
1044151,0.0,0.0,0.0,0.0,0.0,0.0,0.0
1044144,0.0,0.0,0.0,0.0,0.0,0.0,0.0
1044163,0.0,0.0,0.0,0.0,0.0,0.0,0.0
1044182,0.0,0.0,0.0,0.0,0.0,0.0,0.0
1044221,0.0,0.0,0.0,0.0,0.0,0.0,0.0
1044208,0.0,0.0,0.0,0.0,0.0,0.0,0.0
1044219,0.0,0.0,0.0,0.0,0.0,0.0,0.0
1044233,0.0,0.0,0.0,0.0,0.0,0.0,0.0
1044257,0.0,0.0,0.0,0.0,0.0,0.0,0.0
1044255,0.0,0.0,0.0,0.0,0.0,0.0,0.0
1044272,0.0,0.0,0.0,0.0,0.0,0.0,0.0
1044306,0.0,0.0,0.0,0.0,0.0,0.0,0.0
1044309,0.0,0.0,0.0,0.0,0.0,0.0,-1.0
1044320,0.0,0.0,0.0,0.0,0.0,0.0,0.0
1044334,0.0,0.0,0.0,0.0,0.0,0.0,0.0
1044360,0.0,0.0,0.0,0.0,0.0,0.0,0.0
1044397,0.0,0.0,0.0,0.0,0.0,0.0,0.0
1044384,0.0,0.0,0.0,0.0,0.0,0.0,0.0
1044406,0.0,0.0,0.0,0.0,0.0,0.0,-1.0
1044451,0.0,0.0,0.0,0.0,0.0,0.0,-1.0
1044555,0.0,0.0,0.0,0.0,0.0,0.0,0.0
1044563,0.0,0.0,0.0,0.0,0.0,0.0,0.0
1044606,0.0,0.0,0.0,0.0,0.0,0.0,0.0
1044630,0.0,0.0,0.0,0.0,0.0,0.0,0.0
1044752,0.0,0.0,0.0,0.0,0.0,0.0,0.0
1044779,0.0,0.0,0.0,0.0,0.0,0.0,0.0
1044822,0.0,0.0,0.0,0.0,0.0,0.0,0.0
1044829,0.0,0.0,0.0,0.0,0.0,0.0,0.0
1044880,0.0,0.0,0.0,0.0,0.0,0.0,-1.0
1044895,0.0,0.0,0.0,0.0,0.0,0.0,0.0
1044909,0.0,0.0,0.0,0.0,0.0,0.0,0.0
1044926,0.0,0.0,0.0,0.0,0.0,0.0,0.0
1044978,0.0,0.0,0.0,0.0,0.0,0.0,0.0
1044995,0.0,0.0,0.0,0.0,0.0,0.0,0.0
1045003,0.0,0.0,0.0,0.0,0.0,0.0,0.0
1045035,0.0,0.0,0.0,0.0,0.0,0.0,0.0
1045057,0.0,0.0,0.0,0.0,0.0,0.0,0.0
1045085,0.0,0.0,0.0,0.0,0.0,0.0,0.0
1045103,0.0,0.0,0.0,0.0,0.0,0.0,0.0
1045111,0.0,0.0,0.0,0.0,0.0,0.0,0.0
1045131,0.0,0.0,0.0,0.0,0.0,0.0,0.0
1045135,0.0,0.0,0.0,0.0,0.0,0.0,0.0
1045129,0.0,0.0,0.0,0.0,0.0,0.0,0.0
1045154,0.0,0.0,0.0,0.0,0.0,0.0,0.0
1045173,0.0,0.0,0.0,0.0,0.0,0.0,0.0
1045189,0.0,0.0,0.0,0.0,0.0,0.0,0.0
1045200,0.0,0.0,0.0,0.0,0.0,0.0,0.0
1045274,0.0,0.0,0.0,0.0,0.0,0.0,0.0
1045285,0.0,0.0,0.0,0.0,0.0,0.0,0.0
1045319,0.0,0.0,0.0,0.0,0.0,0.0,0.0
1045346,0.0,0.0,0.0,0.0,0.0,0.0,-1.0
1045347,0.0,0.0,0.0,0.0,0.0,0.0,0.0
1045360,0.0,0.0,0.0,0.0,0.0,0.0,-1.0
1045358,0.0,0.0,0.0,0.0,0.0,0.0,0.0
1045355,0.0,0.0,0.0,0.0,0.0,0.0,0.0
1045366,0.0,0.0,0.0,0.0,0.0,0.0,0.0
1045382,0.0,0.0,0.0,0.0,0.0,0.0,0.0
1045405,0.0,0.0,0.0,0.0,0.0,0.0,0.0
1045377,0.0,0.0,0.0,0.0,0.0,0.0,0.0
1045416,0.0,0.0,0.0,0.0,0.0,0.0,0.0
1045459,0.0,0.0,0.0,0.0,0.0,0.0,0.0
1045514,0.0,0.0,0.0,0.0,0.0,0.0,0.0
1045575,0.0,0.0,0.0,0.0,0.0,0.0,0.0
1045592,0.0,0.0,0.0,0.0,0.0,0.0,0.0
1045708,0.0,0.0,0.0,0.0,0.0,0.0,0.0
1045722,0.0,0.0,0.0,0.0,0.0,0.0,0.0
1045750,0.0,0.0,0.0,0.0,0.0,0.0,-1.0
1045762,0.0,0.0,0.0,0.0,0.0,0.0,0.0
1045773,0.0,0.0,0.0,0.0,0.0,0.0,0.0
1045831,0.0,0.0,0.0,0.0,0.0,0.0,-1.0
1045838,0.0,0.0,0.0,0.0,0.0,0.0,0.0
1045841,0.0,0.0,0.0,0.0,0.0,0.0,0.0
1045856,0.0,0.0,0.0,0.0,0.0,0.0,0.0
1045887,0.0,0.0,0.0,0.0,0.0,0.0,0.0
1045891,0.0,0.0,0.0,0.0,0.0,0.0,0.0
1045908,0.0,0.0,0.0,0.0,0.0,0.0,0.0
1045931,0.0,0.0,0.0,0.0,0.0,0.0,0.0
1045947,0.0,0.0,0.0,0.0,0.0,0.0,0.0
1045954,0.0,0.0,0.0,0.0,0.0,0.0,0.0
1045976,0.0,0.0,0.0,0.0,0.0,0.0,0.0
1046012,0.0,0.0,0.0,0.0,0.0,0.0,0.0
1046025,0.0,0.0,0.0,0.0,0.0,0.0,0.0
1046034,0.0,0.0,0.0,0.0,0.0,0.0,0.0
1046036,0.0,0.0,0.0,0.0,0.0,0.0,0.0
1046056,0.0,0.0,0.0,0.0,0.0,0.0,0.0
1046065,0.0,0.0,0.0,0.0,0.0,0.0,-1.0
1046081,0.0,0.0,0.0,0.0,0.0,0.0,0.0
1046091,0.0,0.0,0.0,0.0,0.0,0.0,0.0
1046088,0.0,0.0,0.0,0.0,0.0,0.0,0.0
1046126,0.0,0.0,0.0,0.0,0.0,0.0,0.0
1046139,0.0,0.0,0.0,0.0,0.0,0.0,0.0
1046143,0.0,0.0,0.0,0.0,0.0,0.0,0.0
1046168,0.0,0.0,0.0,0.0,0.0,0.0,-1.0
1046218,0.0,0.0,0.0,0.0,0.0,0.0,0.0
1046227,0.0,0.0,0.0,0.0,0.0,0.0,0.0
1046228,0.0,0.0,0.0,0.0,0.0,0.0,0.0
1046259,0.0,0.0,0.0,0.0,0.0,0.0,0.0
1046301,0.0,0.0,0.0,0.0,0.0,0.0,0.0
1046310,0.0,0.0,0.0,0.0,0.0,0.0,0.0
1046315,0.0,0.0,0.0,0.0,0.0,0.0,0.0
1046322,0.0,0.0,0.0,0.0,0.0,0.0,-1.0
1046349,0.0,0.0,0.0,0.0,0.0,0.0,0.0
1046374,0.0,0.0,0.0,0.0,0.0,0.0,0.0
1046384,0.0,0.0,0.0,0.0,0.0,0.0,0.0
1046420,0.0,0.0,0.0,0.0,0.0,0.0,0.0
1046430,0.0,0.0,0.0,0.0,0.0,0.0,0.0
1046452,0.0,0.0,0.0,0.0,0.0,0.0,0.0
1046462,0.0,0.0,0.0,0.0,0.0,0.0,0.0
1046471,0.0,0.0,0.0,0.0,0.0,0.0,0.0
1046499,0.0,0.0,0.0,0.0,0.0,0.0,0.0
1046517,0.0,0.0,0.0,0.0,0.0,0.0,0.0
1046530,0.0,0.0,0.0,0.0,0.0,0.0,0.0
1046537,0.0,0.0,0.0,0.0,0.0,0.0,0.0
1046545,0.0,0.0,0.0,0.0,0.0,0.0,0.0
1046569,0.0,0.0,0.0,0.0,0.0,0.0,0.0
1046583,0.0,0.0,0.0,0.0,0.0,0.0,0.0
1046625,0.0,0.0,0.0,0.0,0.0,0.0,0.0
1046634,0.0,0.0,0.0,0.0,0.0,0.0,0.0
1046651,0.0,0.0,0.0,0.0,0.0,0.0,0.0
1046655,0.0,0.0,0.0,0.0,0.0,0.0,-1.0
1046663,0.0,0.0,0.0,0.0,0.0,0.0,0.0
1046678,0.0,0.0,0.0,0.0,0.0,0.0,0.0
1046724,0.0,0.0,0.0,0.0,0.0,0.0,0.0
1046717,0.0,0.0,0.0,0.0,0.0,0.0,0.0
1046733,0.0,0.0,0.0,0.0,0.0,0.0,0.0
1046785,0.0,0.0,0.0,0.0,0.0,0.0,0.0
1046790,0.0,0.0,0.0,0.0,0.0,0.0,0.0
1046814,0.0,0.0,0.0,0.0,0.0,0.0,0.0
1046824,0.0,0.0,0.0,0.0,0.0,0.0,0.0
1046830,0.0,0.0,0.0,0.0,0.0,0.0,0.0
1046866,0.0,0.0,0.0,0.0,0.0,0.0,0.0
1046927,0.0,0.0,0.0,0.0,0.0,0.0,0.0
1046947,0.0,0.0,0.0,0.0,0.0,0.0,0.0
1046972,0.0,0.0,0.0,0.0,0.0,0.0,0.0
1046980,0.0,0.0,0.0,0.0,0.0,0.0,0.0
1046993,0.0,0.0,0.0,0.0,0.0,0.0,0.0
1047033,0.0,0.0,0.0,0.0,0.0,0.0,0.0
1047060,0.0,0.0,0.0,0.0,0.0,0.0,0.0
1047058,0.0,0.0,0.0,0.0,0.0,0.0,0.0
1047065,0.0,0.0,0.0,0.0,0.0,0.0,0.0
1047083,0.0,0.0,0.0,0.0,0.0,0.0,0.0
1047087,0.0,0.0,0.0,0.0,0.0,0.0,0.0
1047127,0.0,0.0,0.0,0.0,0.0,0.0,0.0
1047124,0.0,0.0,0.0,0.0,0.0,0.0,0.0
1047142,0.0,0.0,0.0,0.0,0.0,0.0,-1.0
1047135,0.0,0.0,0.0,0.0,0.0,0.0,0.0
1047138,0.0,0.0,0.0,0.0,0.0,0.0,0.0
1047157,0.0,0.0,0.0,0.0,0.0,0.0,0.0
1047169,0.0,0.0,0.0,0.0,0.0,0.0,0.0
1047180,0.0,0.0,0.0,0.0,0.0,0.0,0.0
1047195,0.0,0.0,0.0,0.0,0.0,0.0,0.0
1047193,0.0,0.0,0.0,0.0,0.0,0.0,0.0
1047210,0.0,0.0,0.0,0.0,0.0,0.0,0.0
1047235,0.0,0.0,0.0,0.0,0.0,0.0,0.0
1047238,0.0,0.0,0.0,0.0,0.0,0.0,0.0
1047275,0.0,0.0,0.0,0.0,0.0,0.0,0.0
1047315,0.0,0.0,0.0,0.0,0.0,0.0,0.0
1047313,0.0,0.0,0.0,0.0,0.0,0.0,0.0
1047345,0.0,0.0,0.0,0.0,0.0,0.0,0.0
1047359,0.0,0.0,0.0,0.0,0.0,0.0,0.0
1047368,0.0,0.0,0.0,0.0,0.0,0.0,0.0
1047391,0.0,0.0,0.0,0.0,0.0,0.0,0.0
1047382,0.0,0.0,0.0,0.0,0.0,0.0,0.0
1047417,0.0,0.0,0.0,0.0,0.0,0.0,0.0
1047436,0.0,0.0,0.0,0.0,0.0,0.0,0.0
1047450,0.0,0.0,0.0,0.0,0.0,0.0,0.0
1047448,0.0,0.0,0.0,0.0,0.0,0.0,-1.0
1047479,0.0,0.0,0.0,0.0,0.0,0.0,0.0
1047507,0.0,0.0,0.0,0.0,0.0,0.0,0.0
1047530,0.0,0.0,0.0,0.0,0.0,0.0,0.0
1047544,0.0,0.0,0.0,0.0,0.0,0.0,0.0
1047580,0.0,0.0,0.0,0.0,0.0,0.0,0.0
1047574,0.0,0.0,0.0,0.0,0.0,0.0,0.0
1047575,0.0,0.0,0.0,0.0,0.0,0.0,0.0
1047604,0.0,0.0,0.0,0.0,0.0,0.0,0.0
1047621,0.0,0.0,0.0,0.0,0.0,0.0,0.0
1047623,0.0,0.0,0.0,0.0,0.0,0.0,0.0
1047639,0.0,0.0,0.0,0.0,0.0,0.0,0.0
1047689,0.0,0.0,0.0,0.0,0.0,0.0,0.0
1047702,0.0,0.0,0.0,0.0,0.0,0.0,0.0
1047715,0.0,0.0,0.0,0.0,0.0,0.0,0.0
1047762,0.0,0.0,0.0,0.0,0.0,0.0,0.0
1047774,0.0,0.0,0.0,0.0,0.0,0.0,0.0
1047800,0.0,0.0,0.0,0.0,0.0,0.0,0.0
1047809,0.0,0.0,0.0,0.0,0.0,0.0,0.0
1047820,0.0,0.0,0.0,0.0,0.0,0.0,0.0
1047823,0.0,0.0,0.0,0.0,0.0,0.0,-1.0
1047824,0.0,0.0,0.0,0.0,0.0,0.0,0.0
1047835,0.0,0.0,0.0,0.0,0.0,0.0,-1.0
1047842,0.0,0.0,0.0,0.0,0.0,0.0,0.0
1047868,0.0,0.0,0.0,0.0,0.0,0.0,0.0
1047881,0.0,0.0,0.0,0.0,0.0,0.0,0.0
1047900,0.0,0.0,0.0,0.0,0.0,0.0,0.0
1047915,0.0,0.0,0.0,0.0,0.0,0.0,0.0
1047980,0.0,0.0,0.0,0.0,0.0,0.0,0.0
1047986,0.0,0.0,0.0,0.0,0.0,0.0,-1.0
1785018,0.0,0.0,0.0,0.0,0.0,0.0,0.0
1785113,0.0,0.0,0.0,0.0,0.0,0.0,0.0
1785130,0.0,0.0,0.0,0.0,0.0,0.0,0.0
1785137,0.0,0.0,0.0,0.0,0.0,0.0,0.0
1785178,0.0,0.0,0.0,0.0,0.0,0.0,0.0
1785198,0.0,0.0,0.0,0.0,0.0,0.0,0.0
1785226,0.0,0.0,0.0,0.0,0.0,0.0,0.0
1785243,0.0,0.0,0.0,0.0,0.0,0.0,0.0
1785256,0.0,0.0,0.0,0.0,0.0,0.0,0.0
1785276,0.0,0.0,0.0,0.0,0.0,0.0,0.0
1785277,0.0,0.0,0.0,0.0,0.0,0.0,0.0
1785303,0.0,0.0,0.0,0.0,0.0,0.0,0.0
1785307,0.0,0.0,0.0,0.0,0.0,0.0,0.0
1785295,0.0,0.0,0.0,0.0,0.0,0.0,0.0
1785364,0.0,0.0,0.0,0.0,0.0,0.0,0.0
1785375,0.0,0.0,0.0,0.0,0.0,0.0,0.0
1785366,0.0,0.0,0.0,0.0,0.0,0.0,0.0
1785383,0.0,0.0,0.0,0.0,0.0,0.0,0.0
1785386,0.0,0.0,0.0,0.0,0.0,0.0,0.0
1785401,0.0,0.0,0.0,0.0,0.0,0.0,0.0
1785414,0.0,0.0,0.0,0.0,0.0,0.0,0.0
1785473,0.0,0.0,0.0,0.0,0.0,0.0,0.0
1785520,0.0,0.0,0.0,0.0,0.0,0.0,0.0
1785542,0.0,0.0,0.0,0.0,0.0,0.0,-1.0
1785545,0.0,0.0,0.0,0.0,0.0,0.0,-1.0
1785540,0.0,0.0,0.0,0.0,0.0,0.0,-1.0
1785558,0.0,0.0,0.0,0.0,0.0,0.0,0.0
1785565,0.0,0.0,0.0,0.0,0.0,0.0,0.0
1785573,0.0,0.0,0.0,0.0,0.0,0.0,0.0
1785585,0.0,0.0,0.0,0.0,0.0,0.0,-1.0
1785644,0.0,0.0,0.0,0.0,0.0,0.0,0.0
1785626,0.0,0.0,0.0,0.0,0.0,0.0,0.0
1785628,0.0,0.0,0.0,0.0,0.0,0.0,0.0
1785665,0.0,0.0,0.0,0.0,0.0,0.0,-1.0
1785731,0.0,0.0,0.0,0.0,0.0,0.0,0.0
1785769,0.0,0.0,0.0,0.0,0.0,0.0,0.0
1785764,0.0,0.0,0.0,0.0,0.0,0.0,0.0
1785779,0.0,0.0,0.0,0.0,0.0,0.0,0.0
1785829,0.0,0.0,0.0,0.0,0.0,0.0,0.0
1785848,0.0,0.0,0.0,0.0,0.0,0.0,0.0
1785876,0.0,0.0,0.0,0.0,0.0,0.0,0.0
1785889,0.0,0.0,0.0,0.0,0.0,0.0,0.0
1785903,0.0,0.0,0.0,0.0,0.0,0.0,0.0
